Chrom	Bin	Start	End	Width	Crick	Crick.HP1	Crick.HP2	Watson	Watson.HP1	Watson.HP2
chr1	0	0	2000000	2000000	0	0	0	0	0	0
chr1	1	2000000	4000000	2000000	79	34	39	0	0	0
chr1	2	4000000	6000000	2000000	69	46	14	64	2	47
chr1	3	6000000	8000000	2000000	100	80	0	62	0	46
chr1	4	8000000	10000000	2000000	115	58	35	17	0	13
chr1	5	10000000	12000000	2000000	141	31	34	0	0	0
chr1	6	12000000	14000000	2000000	164	49	62	2	0	0
chr1	7	14000000	16000000	2000000	108	60	21	1	0	0
chr1	8	16000000	18000000	2000000	129	15	20	0	0	0
chr1	9	18000000	20000000	2000000	104	14	13	0	0	0
chr1	10	20000000	22000000	2000000	136	37	29	0	0	0
chr1	11	22000000	24000000	2000000	138	53	28	0	0	0
chr1	12	24000000	26000000	2000000	130	33	47	0	0	0
chr1	13	26000000	28000000	2000000	111	46	25	0	0	0
chr1	14	28000000	30000000	2000000	117	39	43	0	0	0
chr1	15	30000000	32000000	2000000	168	29	28	0	0	0
chr1	16	32000000	34000000	2000000	153	38	25	0	0	0
chr1	17	34000000	36000000	2000000	133	38	14	0	0	0
chr1	18	36000000	38000000	2000000	165	40	61	0	0	0
chr1	19	38000000	40000000	2000000	179	41	40	0	0	0
chr1	20	40000000	42000000	2000000	173	5	7	0	0	0
chr1	21	42000000	44000000	2000000	173	34	33	2	0	0
chr1	22	44000000	46000000	2000000	150	52	60	0	0	0
chr1	23	46000000	48000000	2000000	88	32	11	0	0	0
chr1	24	48000000	50000000	2000000	61	16	29	0	0	0
chr1	25	50000000	52000000	2000000	173	15	25	0	0	0
chr1	26	52000000	54000000	2000000	145	1	4	1	0	0
chr1	27	54000000	56000000	2000000	173	27	5	0	0	0
chr1	28	56000000	58000000	2000000	159	3	2	0	0	0
chr1	29	58000000	60000000	2000000	121	19	16	0	0	0
chr1	30	60000000	62000000	2000000	143	3	2	0	0	0
chr1	31	62000000	64000000	2000000	184	42	49	0	0	0
chr1	32	64000000	66000000	2000000	160	41	74	0	0	0
chr1	33	66000000	68000000	2000000	108	60	47	0	0	0
chr1	34	68000000	70000000	2000000	157	36	54	0	0	0
chr1	35	70000000	72000000	2000000	147	1	0	0	0	0
chr1	36	72000000	74000000	2000000	152	24	22	1	1	0
chr1	37	74000000	76000000	2000000	157	37	39	0	0	0
chr1	38	76000000	78000000	2000000	81	3	3	0	0	0
chr1	39	78000000	80000000	2000000	145	30	29	4	0	0
chr1	40	80000000	82000000	2000000	140	22	28	0	0	0
chr1	41	82000000	84000000	2000000	126	2	0	0	0	0
chr1	42	84000000	86000000	2000000	81	7	1	0	0	0
chr1	43	86000000	88000000	2000000	179	53	42	0	0	0
chr1	44	88000000	90000000	2000000	138	33	10	0	0	0
chr1	45	90000000	92000000	2000000	174	41	26	4	0	0
chr1	46	92000000	94000000	2000000	173	51	49	0	0	0
chr1	47	94000000	96000000	2000000	99	19	18	1	0	0
chr1	48	96000000	98000000	2000000	113	29	21	0	0	0
chr1	49	98000000	100000000	2000000	144	44	42	3	0	3
chr1	50	100000000	102000000	2000000	111	53	30	0	0	0
chr1	51	102000000	104000000	2000000	123	17	8	0	0	0
chr1	52	104000000	106000000	2000000	137	38	35	0	0	0
chr1	53	106000000	108000000	2000000	146	38	59	0	0	0
chr1	54	108000000	110000000	2000000	153	46	60	2	2	0
chr1	55	110000000	112000000	2000000	136	52	62	0	0	0
chr1	56	112000000	114000000	2000000	127	48	39	0	0	0
chr1	57	114000000	116000000	2000000	132	72	42	0	0	0
chr1	58	116000000	118000000	2000000	120	42	45	0	0	0
chr1	59	118000000	120000000	2000000	190	59	29	1	1	0
chr1	60	120000000	122000000	2000000	195	87	69	0	0	0
chr1	61	122000000	124000000	2000000	148	29	15	3	3	0
chr1	62	124000000	126000000	2000000	138	53	34	0	0	0
chr1	63	126000000	128000000	2000000	175	63	58	3	0	3
chr1	64	128000000	130000000	2000000	144	13	25	0	0	0
chr1	65	130000000	132000000	2000000	112	2	18	0	0	0
chr1	66	132000000	134000000	2000000	158	43	63	0	0	0
chr1	67	134000000	136000000	2000000	140	61	47	0	0	0
chr1	68	136000000	138000000	2000000	169	66	63	0	0	0
chr1	69	138000000	140000000	2000000	143	21	47	0	0	0
chr1	70	140000000	142000000	2000000	93	2	2	0	0	0
chr1	71	142000000	144000000	2000000	120	0	0	0	0	0
chr1	72	144000000	146000000	2000000	147	13	26	2	0	2
chr1	73	146000000	148000000	2000000	62	55	0	69	2	52
chr1	74	148000000	150000000	2000000	37	35	0	88	2	44
chr1	75	150000000	152000000	2000000	72	43	0	55	2	36
chr1	76	152000000	154000000	2000000	74	47	2	69	0	44
chr1	77	154000000	156000000	2000000	70	43	0	111	2	84
chr1	78	156000000	158000000	2000000	79	78	0	76	0	76
chr1	79	158000000	160000000	2000000	107	107	0	112	1	110
chr1	80	160000000	162000000	2000000	93	93	0	67	0	67
chr1	81	162000000	164000000	2000000	70	66	0	75	0	75
chr1	82	164000000	166000000	2000000	93	86	6	57	0	57
chr1	83	166000000	168000000	2000000	103	98	0	78	0	78
chr1	84	168000000	170000000	2000000	74	8	0	78	0	10
chr1	85	170000000	172000000	2000000	72	38	0	107	0	29
chr1	86	172000000	174000000	2000000	65	59	5	41	1	36
chr1	87	174000000	176000000	2000000	65	58	0	58	0	51
chr1	88	176000000	178000000	2000000	77	1	0	69	0	1
chr1	89	178000000	180000000	2000000	94	7	0	85	0	3
chr1	90	180000000	182000000	2000000	84	64	1	95	3	40
chr1	91	182000000	184000000	2000000	85	49	1	68	0	30
chr1	92	184000000	186000000	2000000	58	19	0	70	1	30
chr1	93	186000000	188000000	2000000	105	39	0	100	1	50
chr1	94	188000000	190000000	2000000	100	64	0	66	0	24
chr1	95	190000000	192000000	2000000	100	61	0	75	0	37
chr1	96	192000000	194000000	2000000	82	43	0	73	0	52
chr1	97	194000000	195471971	1471971	40	14	2	61	0	23
chr2	0	0	2000000	2000000	0	0	0	0	0	0
chr2	1	2000000	4000000	2000000	64	0	0	0	0	0
chr2	2	4000000	6000000	2000000	131	8	2	0	0	0
chr2	3	6000000	8000000	2000000	140	3	9	0	0	0
chr2	4	8000000	10000000	2000000	116	1	0	0	0	0
chr2	5	10000000	12000000	2000000	130	0	0	0	0	0
chr2	6	12000000	14000000	2000000	166	0	4	0	0	0
chr2	7	14000000	16000000	2000000	128	0	0	0	0	0
chr2	8	16000000	18000000	2000000	110	2	5	0	0	0
chr2	9	18000000	20000000	2000000	138	34	64	0	0	0
chr2	10	20000000	22000000	2000000	108	50	43	0	0	0
chr2	11	22000000	24000000	2000000	123	15	19	0	0	0
chr2	12	24000000	26000000	2000000	194	45	48	0	0	0
chr2	13	26000000	28000000	2000000	165	13	8	0	0	0
chr2	14	28000000	30000000	2000000	147	0	0	4	0	0
chr2	15	30000000	32000000	2000000	166	15	39	0	0	0
chr2	16	32000000	34000000	2000000	160	33	12	0	0	0
chr2	17	34000000	36000000	2000000	146	9	4	0	0	0
chr2	18	36000000	38000000	2000000	123	29	9	0	0	0
chr2	19	38000000	40000000	2000000	138	21	20	0	0	0
chr2	20	40000000	42000000	2000000	120	33	54	0	0	0
chr2	21	42000000	44000000	2000000	118	28	45	0	0	0
chr2	22	44000000	46000000	2000000	96	29	19	34	2	30
chr2	23	46000000	48000000	2000000	54	36	1	58	1	30
chr2	24	48000000	50000000	2000000	81	20	0	86	0	14
chr2	25	50000000	52000000	2000000	70	36	0	45	0	22
chr2	26	52000000	54000000	2000000	79	45	1	63	1	37
chr2	27	54000000	56000000	2000000	53	34	1	51	1	32
chr2	28	56000000	58000000	2000000	61	36	0	78	3	43
chr2	29	58000000	60000000	2000000	44	9	0	83	0	26
chr2	30	60000000	62000000	2000000	89	33	0	101	2	38
chr2	31	62000000	64000000	2000000	76	47	1	48	0	26
chr2	32	64000000	66000000	2000000	99	58	0	84	2	54
chr2	33	66000000	68000000	2000000	79	40	0	65	1	34
chr2	34	68000000	70000000	2000000	75	31	1	136	3	52
chr2	35	70000000	72000000	2000000	84	16	0	83	2	12
chr2	36	72000000	74000000	2000000	79	0	0	102	0	1
chr2	37	74000000	76000000	2000000	55	25	0	34	0	14
chr2	38	76000000	78000000	2000000	74	14	0	70	0	20
chr2	39	78000000	80000000	2000000	91	5	0	70	1	19
chr2	40	80000000	82000000	2000000	94	60	0	54	4	38
chr2	41	82000000	84000000	2000000	32	15	0	75	0	16
chr2	42	84000000	86000000	2000000	58	48	0	34	4	23
chr2	43	86000000	88000000	2000000	72	65	0	25	0	24
chr2	44	88000000	90000000	2000000	67	30	2	46	0	33
chr2	45	90000000	92000000	2000000	75	48	1	41	0	16
chr2	46	92000000	94000000	2000000	89	8	0	98	3	24
chr2	47	94000000	96000000	2000000	34	24	0	91	3	40
chr2	48	96000000	98000000	2000000	54	29	0	46	1	33
chr2	49	98000000	100000000	2000000	67	49	4	62	3	55
chr2	50	100000000	102000000	2000000	48	32	0	39	0	34
chr2	51	102000000	104000000	2000000	72	45	0	75	0	47
chr2	52	104000000	106000000	2000000	95	70	0	67	3	45
chr2	53	106000000	108000000	2000000	61	29	1	34	0	24
chr2	54	108000000	110000000	2000000	61	20	0	49	3	23
chr2	55	110000000	112000000	2000000	55	23	0	41	1	13
chr2	56	112000000	114000000	2000000	85	50	0	106	2	44
chr2	57	114000000	116000000	2000000	89	65	0	76	1	32
chr2	58	116000000	118000000	2000000	83	28	0	68	1	27
chr2	59	118000000	120000000	2000000	79	78	0	72	1	68
chr2	60	120000000	122000000	2000000	76	70	1	92	1	79
chr2	61	122000000	124000000	2000000	92	90	0	59	0	59
chr2	62	124000000	126000000	2000000	106	28	0	86	0	16
chr2	63	126000000	128000000	2000000	113	113	0	110	0	110
chr2	64	128000000	130000000	2000000	82	51	0	52	1	26
chr2	65	130000000	132000000	2000000	66	21	1	71	0	28
chr2	66	132000000	134000000	2000000	64	2	0	72	0	3
chr2	67	134000000	136000000	2000000	95	33	0	70	3	38
chr2	68	136000000	138000000	2000000	59	3	0	67	0	3
chr2	69	138000000	140000000	2000000	64	13	0	80	1	13
chr2	70	140000000	142000000	2000000	92	92	0	74	0	74
chr2	71	142000000	144000000	2000000	71	70	1	69	1	68
chr2	72	144000000	146000000	2000000	58	56	0	52	0	44
chr2	73	146000000	148000000	2000000	58	12	0	58	0	9
chr2	74	148000000	150000000	2000000	75	49	0	67	0	49
chr2	75	150000000	152000000	2000000	57	3	0	71	0	0
chr2	76	152000000	154000000	2000000	105	72	0	45	3	33
chr2	77	154000000	156000000	2000000	90	27	0	73	0	21
chr2	78	156000000	158000000	2000000	82	43	0	69	0	27
chr2	79	158000000	160000000	2000000	88	54	1	101	2	58
chr2	80	160000000	162000000	2000000	68	9	0	76	0	26
chr2	81	162000000	164000000	2000000	79	47	0	70	1	31
chr2	82	164000000	166000000	2000000	66	30	0	85	1	46
chr2	83	166000000	168000000	2000000	86	25	1	59	1	24
chr2	84	168000000	170000000	2000000	64	45	1	62	1	24
chr2	85	170000000	172000000	2000000	53	12	1	80	5	21
chr2	86	172000000	174000000	2000000	55	27	0	115	1	32
chr2	87	174000000	176000000	2000000	72	0	0	73	0	0
chr2	88	176000000	178000000	2000000	13	0	0	26	3	0
chr2	89	178000000	180000000	2000000	90	50	1	70	0	27
chr2	90	180000000	182000000	2000000	99	66	0	104	0	25
chr2	91	182000000	182113224	113224	0	0	0	0	0	0
chr3	0	0	2000000	2000000	0	0	0	0	0	0
chr3	1	2000000	4000000	2000000	19	1	0	0	0	0
chr3	2	4000000	6000000	2000000	117	4	7	0	0	0
chr3	3	6000000	8000000	2000000	68	25	32	3	0	3
chr3	4	8000000	10000000	2000000	157	31	55	0	0	0
chr3	5	10000000	12000000	2000000	106	36	15	0	0	0
chr3	6	12000000	14000000	2000000	120	40	63	0	0	0
chr3	7	14000000	16000000	2000000	80	29	26	0	0	0
chr3	8	16000000	18000000	2000000	97	44	21	0	0	0
chr3	9	18000000	20000000	2000000	193	65	67	0	0	0
chr3	10	20000000	22000000	2000000	142	40	41	0	0	0
chr3	11	22000000	24000000	2000000	180	20	2	0	0	0
chr3	12	24000000	26000000	2000000	152	0	0	0	0	0
chr3	13	26000000	28000000	2000000	133	31	7	0	0	0
chr3	14	28000000	30000000	2000000	92	40	16	42	0	20
chr3	15	30000000	32000000	2000000	93	28	15	27	0	12
chr3	16	32000000	34000000	2000000	148	51	24	0	0	0
chr3	17	34000000	36000000	2000000	126	16	2	0	0	0
chr3	18	36000000	38000000	2000000	159	51	69	0	0	0
chr3	19	38000000	40000000	2000000	141	42	48	0	0	0
chr3	20	40000000	42000000	2000000	169	39	52	0	0	0
chr3	21	42000000	44000000	2000000	146	20	18	0	0	0
chr3	22	44000000	46000000	2000000	110	8	1	0	0	0
chr3	23	46000000	48000000	2000000	94	17	27	0	0	0
chr3	24	48000000	50000000	2000000	113	53	60	0	0	0
chr3	25	50000000	52000000	2000000	80	28	15	0	0	0
chr3	26	52000000	54000000	2000000	154	14	21	0	0	0
chr3	27	54000000	56000000	2000000	146	48	31	1	1	0
chr3	28	56000000	58000000	2000000	98	49	24	0	0	0
chr3	29	58000000	60000000	2000000	145	19	20	1	0	0
chr3	30	60000000	62000000	2000000	127	21	3	0	0	0
chr3	31	62000000	64000000	2000000	143	26	54	0	0	0
chr3	32	64000000	66000000	2000000	148	29	24	0	0	0
chr3	33	66000000	68000000	2000000	124	7	4	0	0	0
chr3	34	68000000	70000000	2000000	162	63	34	0	0	0
chr3	35	70000000	72000000	2000000	127	33	29	0	0	0
chr3	36	72000000	74000000	2000000	115	15	9	4	0	0
chr3	37	74000000	76000000	2000000	161	54	39	0	0	0
chr3	38	76000000	78000000	2000000	101	52	30	0	0	0
chr3	39	78000000	80000000	2000000	114	55	27	0	0	0
chr3	40	80000000	82000000	2000000	150	52	38	0	0	0
chr3	41	82000000	84000000	2000000	166	51	40	0	0	0
chr3	42	84000000	86000000	2000000	153	54	46	0	0	0
chr3	43	86000000	88000000	2000000	184	46	78	0	0	0
chr3	44	88000000	90000000	2000000	185	33	24	0	0	0
chr3	45	90000000	92000000	2000000	174	36	30	0	0	0
chr3	46	92000000	94000000	2000000	150	24	21	0	0	0
chr3	47	94000000	96000000	2000000	139	34	32	0	0	0
chr3	48	96000000	98000000	2000000	219	0	0	0	0	0
chr3	49	98000000	100000000	2000000	129	34	34	0	0	0
chr3	50	100000000	102000000	2000000	106	27	27	0	0	0
chr3	51	102000000	104000000	2000000	160	0	0	0	0	0
chr3	52	104000000	106000000	2000000	166	37	31	0	0	0
chr3	53	106000000	108000000	2000000	133	33	33	0	0	0
chr3	54	108000000	110000000	2000000	162	22	14	0	0	0
chr3	55	110000000	112000000	2000000	112	35	31	0	0	0
chr3	56	112000000	114000000	2000000	94	45	30	0	0	0
chr3	57	114000000	116000000	2000000	115	68	46	0	0	0
chr3	58	116000000	118000000	2000000	164	48	27	0	0	0
chr3	59	118000000	120000000	2000000	140	8	2	0	0	0
chr3	60	120000000	122000000	2000000	161	57	34	0	0	0
chr3	61	122000000	124000000	2000000	135	45	47	0	0	0
chr3	62	124000000	126000000	2000000	151	2	3	0	0	0
chr3	63	126000000	128000000	2000000	150	35	43	0	0	0
chr3	64	128000000	130000000	2000000	118	41	9	0	0	0
chr3	65	130000000	132000000	2000000	130	39	44	0	0	0
chr3	66	132000000	134000000	2000000	162	64	37	0	0	0
chr3	67	134000000	136000000	2000000	139	55	16	0	0	0
chr3	68	136000000	138000000	2000000	162	61	45	0	0	0
chr3	69	138000000	140000000	2000000	147	65	66	0	0	0
chr3	70	140000000	142000000	2000000	146	32	35	0	0	0
chr3	71	142000000	144000000	2000000	143	44	35	0	0	0
chr3	72	144000000	146000000	2000000	143	54	25	1	0	0
chr3	73	146000000	148000000	2000000	158	54	29	0	0	0
chr3	74	148000000	150000000	2000000	141	38	32	0	0	0
chr3	75	150000000	152000000	2000000	145	41	55	0	0	0
chr3	76	152000000	154000000	2000000	183	1	2	0	0	0
chr3	77	154000000	156000000	2000000	147	25	22	0	0	0
chr3	78	156000000	158000000	2000000	158	43	25	0	0	0
chr3	79	158000000	160000000	2000000	129	20	20	0	0	0
chr3	80	160000000	160039680	39680	0	0	0	0	0	0
chr4	0	0	2000000	2000000	0	0	0	0	0	0
chr4	1	2000000	4000000	2000000	0	0	0	51	16	18
chr4	2	4000000	6000000	2000000	0	0	0	140	3	6
chr4	3	6000000	8000000	2000000	0	0	0	163	15	14
chr4	4	8000000	10000000	2000000	0	0	0	156	48	36
chr4	5	10000000	12000000	2000000	0	0	0	147	32	35
chr4	6	12000000	14000000	2000000	0	0	0	190	33	9
chr4	7	14000000	16000000	2000000	0	0	0	157	1	0
chr4	8	16000000	18000000	2000000	0	0	0	104	26	19
chr4	9	18000000	20000000	2000000	0	0	0	105	29	32
chr4	10	20000000	22000000	2000000	3	3	0	109	27	40
chr4	11	22000000	24000000	2000000	0	0	0	137	27	20
chr4	12	24000000	26000000	2000000	0	0	0	118	1	0
chr4	13	26000000	28000000	2000000	0	0	0	117	0	0
chr4	14	28000000	30000000	2000000	0	0	0	106	13	2
chr4	15	30000000	32000000	2000000	0	0	0	112	18	17
chr4	16	32000000	34000000	2000000	0	0	0	127	24	34
chr4	17	34000000	36000000	2000000	0	0	0	139	53	30
chr4	18	36000000	38000000	2000000	0	0	0	115	3	0
chr4	19	38000000	40000000	2000000	0	0	0	92	0	1
chr4	20	40000000	42000000	2000000	0	0	0	121	16	8
chr4	21	42000000	44000000	2000000	3	0	0	89	35	35
chr4	22	44000000	46000000	2000000	0	0	0	129	28	26
chr4	23	46000000	48000000	2000000	0	0	0	162	24	10
chr4	24	48000000	50000000	2000000	0	0	0	111	3	5
chr4	25	50000000	52000000	2000000	0	0	0	138	54	35
chr4	26	52000000	54000000	2000000	0	0	0	168	32	24
chr4	27	54000000	56000000	2000000	0	0	0	189	76	84
chr4	28	56000000	58000000	2000000	0	0	0	122	38	31
chr4	29	58000000	60000000	2000000	0	0	0	157	30	59
chr4	30	60000000	62000000	2000000	0	0	0	24	3	8
chr4	31	62000000	64000000	2000000	0	0	0	134	45	31
chr4	32	64000000	66000000	2000000	0	0	0	94	32	8
chr4	33	66000000	68000000	2000000	0	0	0	104	1	0
chr4	34	68000000	70000000	2000000	0	0	0	160	5	3
chr4	35	70000000	72000000	2000000	0	0	0	120	55	30
chr4	36	72000000	74000000	2000000	0	0	0	91	21	26
chr4	37	74000000	76000000	2000000	0	0	0	114	46	42
chr4	38	76000000	78000000	2000000	0	0	0	95	24	27
chr4	39	78000000	80000000	2000000	0	0	0	119	14	28
chr4	40	80000000	82000000	2000000	0	0	0	158	45	49
chr4	41	82000000	84000000	2000000	0	0	0	115	22	50
chr4	42	84000000	86000000	2000000	0	0	0	125	37	38
chr4	43	86000000	88000000	2000000	0	0	0	141	46	22
chr4	44	88000000	90000000	2000000	1	0	1	169	25	55
chr4	45	90000000	92000000	2000000	0	0	0	150	0	7
chr4	46	92000000	94000000	2000000	0	0	0	142	0	0
chr4	47	94000000	96000000	2000000	0	0	0	148	43	38
chr4	48	96000000	98000000	2000000	0	0	0	153	45	14
chr4	49	98000000	100000000	2000000	0	0	0	187	30	30
chr4	50	100000000	102000000	2000000	0	0	0	177	0	0
chr4	51	102000000	104000000	2000000	0	0	0	177	20	12
chr4	52	104000000	106000000	2000000	0	0	0	185	8	29
chr4	53	106000000	108000000	2000000	0	0	0	159	21	16
chr4	54	108000000	110000000	2000000	0	0	0	98	23	25
chr4	55	110000000	112000000	2000000	0	0	0	122	30	24
chr4	56	112000000	114000000	2000000	0	0	0	23	13	10
chr4	57	114000000	116000000	2000000	0	0	0	114	34	33
chr4	58	116000000	118000000	2000000	0	0	0	142	65	28
chr4	59	118000000	120000000	2000000	6	5	0	144	81	48
chr4	60	120000000	122000000	2000000	0	0	0	104	26	39
chr4	61	122000000	124000000	2000000	0	0	0	83	13	12
chr4	62	124000000	126000000	2000000	0	0	0	120	41	29
chr4	63	126000000	128000000	2000000	1	0	0	148	14	28
chr4	64	128000000	130000000	2000000	0	0	0	171	49	42
chr4	65	130000000	132000000	2000000	9	0	2	93	4	4
chr4	66	132000000	134000000	2000000	0	0	0	200	69	58
chr4	67	134000000	136000000	2000000	0	0	0	171	41	25
chr4	68	136000000	138000000	2000000	0	0	0	120	76	40
chr4	69	138000000	140000000	2000000	0	0	0	134	92	42
chr4	70	140000000	142000000	2000000	0	0	0	157	67	72
chr4	71	142000000	144000000	2000000	0	0	0	130	45	38
chr4	72	144000000	146000000	2000000	25	19	4	53	27	24
chr4	73	146000000	148000000	2000000	4	4	0	11	3	8
chr4	74	148000000	150000000	2000000	103	83	0	85	0	54
chr4	75	150000000	152000000	2000000	101	70	0	86	3	41
chr4	76	152000000	154000000	2000000	74	6	0	47	0	1
chr4	77	154000000	156000000	2000000	69	38	1	112	1	54
chr4	78	156000000	156508116	508116	12	7	0	12	0	12
chr5	0	0	2000000	2000000	0	0	0	0	0	0
chr5	1	2000000	4000000	2000000	0	0	0	88	0	13
chr5	2	4000000	6000000	2000000	0	0	0	127	35	30
chr5	3	6000000	8000000	2000000	0	0	0	133	9	9
chr5	4	8000000	10000000	2000000	0	0	0	128	0	1
chr5	5	10000000	12000000	2000000	0	0	0	44	0	0
chr5	6	12000000	14000000	2000000	0	0	0	116	21	15
chr5	7	14000000	16000000	2000000	0	0	0	73	22	17
chr5	8	16000000	18000000	2000000	0	0	0	161	37	35
chr5	9	18000000	20000000	2000000	0	0	0	149	17	18
chr5	10	20000000	22000000	2000000	0	0	0	147	26	7
chr5	11	22000000	24000000	2000000	0	0	0	118	78	22
chr5	12	24000000	26000000	2000000	0	0	0	104	46	15
chr5	13	26000000	28000000	2000000	0	0	0	155	0	0
chr5	14	28000000	30000000	2000000	1	0	0	189	2	0
chr5	15	30000000	32000000	2000000	3	0	0	156	4	3
chr5	16	32000000	34000000	2000000	0	0	0	140	12	10
chr5	17	34000000	36000000	2000000	0	0	0	192	41	43
chr5	18	36000000	38000000	2000000	0	0	0	198	24	26
chr5	19	38000000	40000000	2000000	0	0	0	118	20	12
chr5	20	40000000	42000000	2000000	0	0	0	82	10	35
chr5	21	42000000	44000000	2000000	0	0	0	119	39	39
chr5	22	44000000	46000000	2000000	0	0	0	176	47	62
chr5	23	46000000	48000000	2000000	0	0	0	119	60	42
chr5	24	48000000	50000000	2000000	0	0	0	134	35	37
chr5	25	50000000	52000000	2000000	0	0	0	145	17	9
chr5	26	52000000	54000000	2000000	0	0	0	137	33	15
chr5	27	54000000	56000000	2000000	0	0	0	139	68	29
chr5	28	56000000	58000000	2000000	0	0	0	72	30	11
chr5	29	58000000	60000000	2000000	0	0	0	140	81	41
chr5	30	60000000	62000000	2000000	0	0	0	106	31	25
chr5	31	62000000	64000000	2000000	0	0	0	136	37	23
chr5	32	64000000	66000000	2000000	0	0	0	133	41	29
chr5	33	66000000	68000000	2000000	0	0	0	166	24	45
chr5	34	68000000	70000000	2000000	0	0	0	141	0	0
chr5	35	70000000	72000000	2000000	0	0	0	128	1	3
chr5	36	72000000	74000000	2000000	0	0	0	124	52	41
chr5	37	74000000	76000000	2000000	0	0	0	174	49	46
chr5	38	76000000	78000000	2000000	0	0	0	147	23	34
chr5	39	78000000	80000000	2000000	0	0	0	122	63	33
chr5	40	80000000	82000000	2000000	0	0	0	142	0	0
chr5	41	82000000	84000000	2000000	0	0	0	127	16	16
chr5	42	84000000	86000000	2000000	0	0	0	107	20	27
chr5	43	86000000	88000000	2000000	0	0	0	142	35	21
chr5	44	88000000	90000000	2000000	0	0	0	149	43	51
chr5	45	90000000	92000000	2000000	4	0	4	121	30	40
chr5	46	92000000	94000000	2000000	11	8	0	120	43	50
chr5	47	94000000	96000000	2000000	0	0	0	59	1	7
chr5	48	96000000	98000000	2000000	0	0	0	116	55	31
chr5	49	98000000	100000000	2000000	0	0	0	188	49	19
chr5	50	100000000	102000000	2000000	0	0	0	177	34	37
chr5	51	102000000	104000000	2000000	0	0	0	179	34	18
chr5	52	104000000	106000000	2000000	0	0	0	121	39	44
chr5	53	106000000	108000000	2000000	0	0	0	184	60	36
chr5	54	108000000	110000000	2000000	0	0	0	165	32	64
chr5	55	110000000	112000000	2000000	0	0	0	135	44	58
chr5	56	112000000	114000000	2000000	0	0	0	140	43	41
chr5	57	114000000	116000000	2000000	0	0	0	155	58	54
chr5	58	116000000	118000000	2000000	0	0	0	183	67	59
chr5	59	118000000	120000000	2000000	0	0	0	168	38	67
chr5	60	120000000	122000000	2000000	0	0	0	146	2	7
chr5	61	122000000	124000000	2000000	0	0	0	134	25	12
chr5	62	124000000	126000000	2000000	0	0	0	128	16	30
chr5	63	126000000	128000000	2000000	0	0	0	136	46	48
chr5	64	128000000	130000000	2000000	0	0	0	177	15	19
chr5	65	130000000	132000000	2000000	1	0	0	128	8	9
chr5	66	132000000	134000000	2000000	0	0	0	150	22	9
chr5	67	134000000	136000000	2000000	0	0	0	217	3	6
chr5	68	136000000	138000000	2000000	0	0	0	105	16	43
chr5	69	138000000	140000000	2000000	0	0	0	165	30	33
chr5	70	140000000	142000000	2000000	0	0	0	169	11	7
chr5	71	142000000	144000000	2000000	0	0	0	143	48	15
chr5	72	144000000	146000000	2000000	0	0	0	127	36	27
chr5	73	146000000	148000000	2000000	0	0	0	81	37	11
chr5	74	148000000	150000000	2000000	0	0	0	154	4	0
chr5	75	150000000	151834684	1834684	0	0	0	110	2	3
chr6	0	0	2000000	2000000	0	0	0	0	0	0
chr6	1	2000000	4000000	2000000	25	0	4	19	9	0
chr6	2	4000000	6000000	2000000	58	1	29	88	52	1
chr6	3	6000000	8000000	2000000	72	0	3	69	4	1
chr6	4	8000000	10000000	2000000	75	1	55	87	68	2
chr6	5	10000000	12000000	2000000	44	0	19	63	17	0
chr6	6	12000000	14000000	2000000	61	1	37	60	20	0
chr6	7	14000000	16000000	2000000	45	0	2	70	0	0
chr6	8	16000000	18000000	2000000	64	0	29	64	25	0
chr6	9	18000000	20000000	2000000	81	0	10	71	13	0
chr6	10	20000000	22000000	2000000	69	0	0	85	0	0
chr6	11	22000000	24000000	2000000	68	0	0	111	0	6
chr6	12	24000000	26000000	2000000	68	0	18	55	20	0
chr6	13	26000000	28000000	2000000	74	0	0	41	0	0
chr6	14	28000000	30000000	2000000	97	3	15	71	8	0
chr6	15	30000000	32000000	2000000	61	0	4	89	14	2
chr6	16	32000000	34000000	2000000	84	0	15	72	19	0
chr6	17	34000000	36000000	2000000	72	0	4	51	0	0
chr6	18	36000000	38000000	2000000	57	0	14	16	5	0
chr6	19	38000000	40000000	2000000	84	1	17	86	13	0
chr6	20	40000000	42000000	2000000	54	0	0	62	0	0
chr6	21	42000000	44000000	2000000	58	0	9	49	3	0
chr6	22	44000000	46000000	2000000	43	1	15	46	14	0
chr6	23	46000000	48000000	2000000	52	1	21	42	19	0
chr6	24	48000000	50000000	2000000	64	1	37	75	43	1
chr6	25	50000000	52000000	2000000	53	1	14	55	19	0
chr6	26	52000000	54000000	2000000	55	4	11	85	39	0
chr6	27	54000000	56000000	2000000	67	4	29	74	48	1
chr6	28	56000000	58000000	2000000	46	0	0	74	0	0
chr6	29	58000000	60000000	2000000	86	0	0	54	5	0
chr6	30	60000000	62000000	2000000	85	0	0	61	1	0
chr6	31	62000000	64000000	2000000	32	0	0	58	7	0
chr6	32	64000000	66000000	2000000	65	2	26	52	12	0
chr6	33	66000000	68000000	2000000	66	0	0	85	0	0
chr6	34	68000000	70000000	2000000	73	2	5	83	0	0
chr6	35	70000000	72000000	2000000	70	1	34	61	21	0
chr6	36	72000000	74000000	2000000	73	2	57	80	56	0
chr6	37	74000000	76000000	2000000	53	1	27	68	36	0
chr6	38	76000000	78000000	2000000	86	0	13	67	21	1
chr6	39	78000000	80000000	2000000	71	2	0	83	0	0
chr6	40	80000000	82000000	2000000	87	3	0	85	0	0
chr6	41	82000000	84000000	2000000	66	0	0	28	0	0
chr6	42	84000000	86000000	2000000	53	0	6	52	5	1
chr6	43	86000000	88000000	2000000	85	3	47	113	50	1
chr6	44	88000000	90000000	2000000	67	6	20	102	31	2
chr6	45	90000000	92000000	2000000	95	3	24	66	25	2
chr6	46	92000000	94000000	2000000	75	1	34	83	22	0
chr6	47	94000000	96000000	2000000	57	1	36	68	36	0
chr6	48	96000000	98000000	2000000	80	1	33	72	28	1
chr6	49	98000000	100000000	2000000	95	3	38	78	16	4
chr6	50	100000000	102000000	2000000	92	1	26	43	13	0
chr6	51	102000000	104000000	2000000	74	0	7	46	8	3
chr6	52	104000000	106000000	2000000	66	2	9	60	0	0
chr6	53	106000000	108000000	2000000	99	5	58	87	51	0
chr6	54	108000000	110000000	2000000	81	0	81	73	73	0
chr6	55	110000000	112000000	2000000	68	1	53	58	34	1
chr6	56	112000000	114000000	2000000	91	3	50	86	45	7
chr6	57	114000000	116000000	2000000	54	0	22	98	37	0
chr6	58	116000000	118000000	2000000	47	2	9	55	23	2
chr6	59	118000000	120000000	2000000	102	1	60	94	55	0
chr6	60	120000000	122000000	2000000	73	1	9	77	29	0
chr6	61	122000000	124000000	2000000	48	0	3	48	2	0
chr6	62	124000000	126000000	2000000	106	0	25	42	12	0
chr6	63	126000000	128000000	2000000	57	1	16	56	22	1
chr6	64	128000000	130000000	2000000	78	1	53	84	66	0
chr6	65	130000000	132000000	2000000	38	0	38	45	45	0
chr6	66	132000000	134000000	2000000	50	0	50	49	49	0
chr6	67	134000000	136000000	2000000	69	0	69	84	82	0
chr6	68	136000000	138000000	2000000	62	5	54	71	48	0
chr6	69	138000000	140000000	2000000	62	0	42	58	48	0
chr6	70	140000000	142000000	2000000	66	0	8	47	2	0
chr6	71	142000000	144000000	2000000	71	3	0	48	0	0
chr6	72	144000000	146000000	2000000	84	0	60	120	102	0
chr6	73	146000000	148000000	2000000	99	1	43	60	32	0
chr6	74	148000000	149736546	1736546	47	0	23	72	33	0
chr7	0	0	2000000	2000000	0	0	0	0	0	0
chr7	1	2000000	4000000	2000000	13	3	8	0	0	0
chr7	2	4000000	6000000	2000000	53	17	1	1	0	0
chr7	3	6000000	8000000	2000000	95	2	0	1	0	0
chr7	4	8000000	10000000	2000000	12	0	0	0	0	0
chr7	5	10000000	12000000	2000000	61	0	0	0	0	0
chr7	6	12000000	14000000	2000000	121	34	13	0	0	0
chr7	7	14000000	16000000	2000000	90	26	25	0	0	0
chr7	8	16000000	18000000	2000000	90	35	36	0	0	0
chr7	9	18000000	20000000	2000000	179	70	56	0	0	0
chr7	10	20000000	22000000	2000000	11	1	9	0	0	0
chr7	11	22000000	24000000	2000000	47	4	0	0	0	0
chr7	12	24000000	26000000	2000000	116	12	2	0	0	0
chr7	13	26000000	28000000	2000000	131	9	3	0	0	0
chr7	14	28000000	30000000	2000000	171	24	7	0	0	0
chr7	15	30000000	32000000	2000000	113	57	54	1	1	0
chr7	16	32000000	34000000	2000000	61	43	18	0	0	0
chr7	17	34000000	36000000	2000000	139	65	47	0	0	0
chr7	18	36000000	38000000	2000000	129	19	22	0	0	0
chr7	19	38000000	40000000	2000000	89	10	10	0	0	0
chr7	20	40000000	42000000	2000000	117	49	43	0	0	0
chr7	21	42000000	44000000	2000000	104	61	40	9	0	9
chr7	22	44000000	46000000	2000000	153	52	59	0	0	0
chr7	23	46000000	48000000	2000000	108	10	24	0	0	0
chr7	24	48000000	50000000	2000000	152	34	23	0	0	0
chr7	25	50000000	52000000	2000000	92	45	2	0	0	0
chr7	26	52000000	54000000	2000000	75	47	7	0	0	0
chr7	27	54000000	56000000	2000000	93	35	9	2	2	0
chr7	28	56000000	58000000	2000000	156	78	62	0	0	0
chr7	29	58000000	60000000	2000000	44	24	3	0	0	0
chr7	30	60000000	62000000	2000000	31	31	0	0	0	0
chr7	31	62000000	64000000	2000000	71	71	0	0	0	0
chr7	32	64000000	66000000	2000000	81	34	47	0	0	0
chr7	33	66000000	68000000	2000000	160	57	71	0	0	0
chr7	34	68000000	70000000	2000000	177	19	20	0	0	0
chr7	35	70000000	72000000	2000000	134	16	36	0	0	0
chr7	36	72000000	74000000	2000000	129	41	24	0	0	0
chr7	37	74000000	76000000	2000000	187	71	38	0	0	0
chr7	38	76000000	78000000	2000000	96	17	34	0	0	0
chr7	39	78000000	80000000	2000000	81	22	20	1	0	0
chr7	40	80000000	82000000	2000000	62	29	26	0	0	0
chr7	41	82000000	84000000	2000000	113	67	9	0	0	0
chr7	42	84000000	86000000	2000000	125	50	51	0	0	0
chr7	43	86000000	88000000	2000000	114	36	33	0	0	0
chr7	44	88000000	90000000	2000000	114	9	48	0	0	0
chr7	45	90000000	92000000	2000000	80	15	24	0	0	0
chr7	46	92000000	94000000	2000000	126	35	67	1	1	0
chr7	47	94000000	96000000	2000000	112	54	52	0	0	0
chr7	48	96000000	98000000	2000000	92	60	31	1	1	0
chr7	49	98000000	100000000	2000000	126	97	29	0	0	0
chr7	50	100000000	102000000	2000000	166	93	73	0	0	0
chr7	51	102000000	104000000	2000000	107	59	24	0	0	0
chr7	52	104000000	106000000	2000000	111	12	11	0	0	0
chr7	53	106000000	108000000	2000000	107	45	32	0	0	0
chr7	54	108000000	110000000	2000000	127	0	0	0	0	0
chr7	55	110000000	112000000	2000000	131	21	0	1	0	0
chr7	56	112000000	114000000	2000000	89	59	5	0	0	0
chr7	57	114000000	116000000	2000000	129	73	34	0	0	0
chr7	58	116000000	118000000	2000000	169	41	59	0	0	0
chr7	59	118000000	120000000	2000000	130	54	71	0	0	0
chr7	60	120000000	122000000	2000000	115	7	9	0	0	0
chr7	61	122000000	124000000	2000000	88	4	2	0	0	0
chr7	62	124000000	126000000	2000000	73	0	1	0	0	0
chr7	63	126000000	128000000	2000000	214	0	0	0	0	0
chr7	64	128000000	130000000	2000000	177	0	0	0	0	0
chr7	65	130000000	132000000	2000000	148	2	4	0	0	0
chr7	66	132000000	134000000	2000000	99	13	0	0	0	0
chr7	67	134000000	136000000	2000000	167	15	17	0	0	0
chr7	68	136000000	138000000	2000000	117	34	26	0	0	0
chr7	69	138000000	140000000	2000000	163	34	21	0	0	0
chr7	70	140000000	142000000	2000000	95	0	0	0	0	0
chr7	71	142000000	144000000	2000000	128	0	0	0	0	0
chr7	72	144000000	145441459	1441459	133	54	25	0	0	0
chr8	0	0	2000000	2000000	0	0	0	0	0	0
chr8	1	2000000	4000000	2000000	47	0	0	32	0	0
chr8	2	4000000	6000000	2000000	67	0	0	61	2	0
chr8	3	6000000	8000000	2000000	60	3	0	31	0	0
chr8	4	8000000	10000000	2000000	73	1	0	57	0	0
chr8	5	10000000	12000000	2000000	109	0	0	49	1	0
chr8	6	12000000	14000000	2000000	36	0	0	125	0	0
chr8	7	14000000	16000000	2000000	55	27	0	74	1	35
chr8	8	16000000	18000000	2000000	67	26	0	74	0	19
chr8	9	18000000	20000000	2000000	65	36	0	59	0	34
chr8	10	20000000	22000000	2000000	15	12	0	2	0	2
chr8	11	22000000	24000000	2000000	70	39	0	86	1	47
chr8	12	24000000	26000000	2000000	85	31	0	64	0	18
chr8	13	26000000	28000000	2000000	74	32	0	81	2	57
chr8	14	28000000	30000000	2000000	64	18	0	68	0	38
chr8	15	30000000	32000000	2000000	65	65	0	79	0	79
chr8	16	32000000	34000000	2000000	20	16	0	68	0	56
chr8	17	34000000	36000000	2000000	76	76	0	67	1	66
chr8	18	36000000	38000000	2000000	47	47	0	68	1	67
chr8	19	38000000	40000000	2000000	94	57	37	6	0	6
chr8	20	40000000	42000000	2000000	96	32	48	1	0	1
chr8	21	42000000	44000000	2000000	98	5	0	0	0	0
chr8	22	44000000	46000000	2000000	118	1	2	0	0	0
chr8	23	46000000	48000000	2000000	89	3	0	0	0	0
chr8	24	48000000	50000000	2000000	151	0	0	0	0	0
chr8	25	50000000	52000000	2000000	92	0	0	0	0	0
chr8	26	52000000	54000000	2000000	132	0	0	0	0	0
chr8	27	54000000	56000000	2000000	88	3	7	0	0	0
chr8	28	56000000	58000000	2000000	134	42	40	0	0	0
chr8	29	58000000	60000000	2000000	109	34	54	0	0	0
chr8	30	60000000	62000000	2000000	127	40	32	0	0	0
chr8	31	62000000	64000000	2000000	124	33	20	0	0	0
chr8	32	64000000	66000000	2000000	152	60	63	0	0	0
chr8	33	66000000	68000000	2000000	133	38	41	1	0	0
chr8	34	68000000	70000000	2000000	144	48	87	0	0	0
chr8	35	70000000	72000000	2000000	126	69	54	0	0	0
chr8	36	72000000	74000000	2000000	186	81	49	0	0	0
chr8	37	74000000	76000000	2000000	121	48	38	0	0	0
chr8	38	76000000	78000000	2000000	161	11	8	0	0	0
chr8	39	78000000	80000000	2000000	127	1	1	0	0	0
chr8	40	80000000	82000000	2000000	126	41	26	0	0	0
chr8	41	82000000	84000000	2000000	149	55	94	0	0	0
chr8	42	84000000	86000000	2000000	162	79	78	0	0	0
chr8	43	86000000	88000000	2000000	185	22	31	2	0	1
chr8	44	88000000	90000000	2000000	188	92	69	0	0	0
chr8	45	90000000	92000000	2000000	190	142	45	0	0	0
chr8	46	92000000	94000000	2000000	121	54	36	3	0	0
chr8	47	94000000	96000000	2000000	156	36	45	0	0	0
chr8	48	96000000	98000000	2000000	106	29	35	0	0	0
chr8	49	98000000	100000000	2000000	111	24	18	0	0	0
chr8	50	100000000	102000000	2000000	119	31	44	1	1	0
chr8	51	102000000	104000000	2000000	105	25	20	0	0	0
chr8	52	104000000	106000000	2000000	164	0	0	0	0	0
chr8	53	106000000	108000000	2000000	156	41	40	0	0	0
chr8	54	108000000	110000000	2000000	172	53	24	0	0	0
chr8	55	110000000	112000000	2000000	129	10	6	0	0	0
chr8	56	112000000	114000000	2000000	131	4	14	0	0	0
chr8	57	114000000	116000000	2000000	169	30	34	3	3	0
chr8	58	116000000	118000000	2000000	157	25	27	0	0	0
chr8	59	118000000	120000000	2000000	204	2	2	0	0	0
chr8	60	120000000	122000000	2000000	186	0	0	0	0	0
chr8	61	122000000	124000000	2000000	105	1	2	3	0	0
chr8	62	124000000	126000000	2000000	153	0	4	0	0	0
chr8	63	126000000	128000000	2000000	164	22	31	0	0	0
chr8	64	128000000	129401213	1401213	92	44	26	0	0	0
chr9	0	0	2000000	2000000	0	0	0	0	0	0
chr9	1	2000000	4000000	2000000	40	0	0	0	0	0
chr9	2	4000000	6000000	2000000	119	2	0	0	0	0
chr9	3	6000000	8000000	2000000	175	2	3	0	0	0
chr9	4	8000000	10000000	2000000	148	0	7	0	0	0
chr9	5	10000000	12000000	2000000	119	2	5	0	0	0
chr9	6	12000000	14000000	2000000	139	4	13	0	0	0
chr9	7	14000000	16000000	2000000	132	0	0	0	0	0
chr9	8	16000000	18000000	2000000	118	0	2	0	0	0
chr9	9	18000000	20000000	2000000	100	0	0	0	0	0
chr9	10	20000000	22000000	2000000	170	5	2	0	0	0
chr9	11	22000000	24000000	2000000	186	0	0	1	0	0
chr9	12	24000000	26000000	2000000	98	0	0	0	0	0
chr9	13	26000000	28000000	2000000	142	0	0	0	0	0
chr9	14	28000000	30000000	2000000	186	0	3	0	0	0
chr9	15	30000000	32000000	2000000	120	10	5	0	0	0
chr9	16	32000000	34000000	2000000	95	55	36	0	0	0
chr9	17	34000000	36000000	2000000	83	45	12	0	0	0
chr9	18	36000000	38000000	2000000	120	47	43	0	0	0
chr9	19	38000000	40000000	2000000	95	29	37	0	0	0
chr9	20	40000000	42000000	2000000	142	44	62	0	0	0
chr9	21	42000000	44000000	2000000	74	14	16	0	0	0
chr9	22	44000000	46000000	2000000	132	31	26	0	0	0
chr9	23	46000000	48000000	2000000	140	40	56	0	0	0
chr9	24	48000000	50000000	2000000	106	48	49	0	0	0
chr9	25	50000000	52000000	2000000	82	17	22	0	0	0
chr9	26	52000000	54000000	2000000	142	8	0	0	0	0
chr9	27	54000000	56000000	2000000	136	43	17	0	0	0
chr9	28	56000000	58000000	2000000	160	32	39	0	0	0
chr9	29	58000000	60000000	2000000	117	11	29	0	0	0
chr9	30	60000000	62000000	2000000	169	6	14	0	0	0
chr9	31	62000000	64000000	2000000	175	17	37	0	0	0
chr9	32	64000000	66000000	2000000	150	39	43	3	1	2
chr9	33	66000000	68000000	2000000	166	40	58	0	0	0
chr9	34	68000000	70000000	2000000	151	31	42	0	0	0
chr9	35	70000000	72000000	2000000	149	35	48	0	0	0
chr9	36	72000000	74000000	2000000	59	12	21	2	0	2
chr9	37	74000000	76000000	2000000	106	35	39	0	0	0
chr9	38	76000000	78000000	2000000	136	24	48	0	0	0
chr9	39	78000000	80000000	2000000	79	28	28	0	0	0
chr9	40	80000000	82000000	2000000	90	46	31	0	0	0
chr9	41	82000000	84000000	2000000	66	28	13	0	0	0
chr9	42	84000000	86000000	2000000	35	8	21	0	0	0
chr9	43	86000000	88000000	2000000	89	47	15	0	0	0
chr9	44	88000000	90000000	2000000	111	35	43	1	0	0
chr9	45	90000000	92000000	2000000	140	33	24	0	0	0
chr9	46	92000000	94000000	2000000	118	34	28	0	0	0
chr9	47	94000000	96000000	2000000	125	57	24	0	0	0
chr9	48	96000000	98000000	2000000	138	37	13	0	0	0
chr9	49	98000000	100000000	2000000	152	47	35	0	0	0
chr9	50	100000000	102000000	2000000	57	32	6	0	0	0
chr9	51	102000000	104000000	2000000	65	1	14	0	0	0
chr9	52	104000000	106000000	2000000	129	47	70	0	0	0
chr9	53	106000000	108000000	2000000	145	18	31	0	0	0
chr9	54	108000000	110000000	2000000	133	9	35	0	0	0
chr9	55	110000000	112000000	2000000	115	28	4	1	0	0
chr9	56	112000000	114000000	2000000	138	35	36	0	0	0
chr9	57	114000000	116000000	2000000	169	13	4	0	0	0
chr9	58	116000000	118000000	2000000	145	0	5	0	0	0
chr9	59	118000000	120000000	2000000	181	15	12	0	0	0
chr9	60	120000000	122000000	2000000	135	32	77	0	0	0
chr9	61	122000000	124000000	2000000	131	20	18	0	0	0
chr9	62	124000000	124595110	595110	8	6	2	21	10	11
chr10	0	0	2000000	2000000	0	0	0	0	0	0
chr10	1	2000000	4000000	2000000	0	0	0	68	22	5
chr10	2	4000000	6000000	2000000	4	0	4	142	43	36
chr10	3	6000000	8000000	2000000	0	0	0	158	77	65
chr10	4	8000000	10000000	2000000	0	0	0	154	22	45
chr10	5	10000000	12000000	2000000	0	0	0	97	7	15
chr10	6	12000000	14000000	2000000	0	0	0	142	52	40
chr10	7	14000000	16000000	2000000	0	0	0	171	61	103
chr10	8	16000000	18000000	2000000	0	0	0	125	31	26
chr10	9	18000000	20000000	2000000	0	0	0	144	36	51
chr10	10	20000000	22000000	2000000	0	0	0	155	16	7
chr10	11	22000000	24000000	2000000	0	0	0	108	0	3
chr10	12	24000000	26000000	2000000	0	0	0	176	0	2
chr10	13	26000000	28000000	2000000	0	0	0	155	26	6
chr10	14	28000000	30000000	2000000	0	0	0	124	25	43
chr10	15	30000000	32000000	2000000	0	0	0	182	11	4
chr10	16	32000000	34000000	2000000	0	0	0	123	0	3
chr10	17	34000000	36000000	2000000	0	0	0	93	0	0
chr10	18	36000000	38000000	2000000	0	0	0	134	0	0
chr10	19	38000000	40000000	2000000	0	0	0	130	6	0
chr10	20	40000000	42000000	2000000	9	0	0	177	3	2
chr10	21	42000000	44000000	2000000	0	0	0	174	4	2
chr10	22	44000000	46000000	2000000	0	0	0	152	1	2
chr10	23	46000000	48000000	2000000	0	0	0	112	7	18
chr10	24	48000000	50000000	2000000	0	0	0	95	0	0
chr10	25	50000000	52000000	2000000	0	0	0	176	1	0
chr10	26	52000000	54000000	2000000	0	0	0	106	1	0
chr10	27	54000000	56000000	2000000	0	0	0	143	5	4
chr10	28	56000000	58000000	2000000	0	0	0	111	0	0
chr10	29	58000000	60000000	2000000	2	0	0	167	1	4
chr10	30	60000000	62000000	2000000	0	0	0	164	0	2
chr10	31	62000000	64000000	2000000	4	0	0	160	0	0
chr10	32	64000000	66000000	2000000	0	0	0	142	2	0
chr10	33	66000000	68000000	2000000	0	0	0	207	14	16
chr10	34	68000000	70000000	2000000	0	0	0	171	64	38
chr10	35	70000000	72000000	2000000	0	0	0	120	0	0
chr10	36	72000000	74000000	2000000	0	0	0	101	1	1
chr10	37	74000000	76000000	2000000	0	0	0	191	3	9
chr10	38	76000000	78000000	2000000	0	0	0	195	4	5
chr10	39	78000000	80000000	2000000	0	0	0	153	0	0
chr10	40	80000000	82000000	2000000	0	0	0	128	1	1
chr10	41	82000000	84000000	2000000	0	0	0	117	34	8
chr10	42	84000000	86000000	2000000	0	0	0	186	39	38
chr10	43	86000000	88000000	2000000	0	0	0	128	29	33
chr10	44	88000000	90000000	2000000	0	0	0	122	46	24
chr10	45	90000000	92000000	2000000	0	0	0	169	27	49
chr10	46	92000000	94000000	2000000	1	0	1	125	62	62
chr10	47	94000000	96000000	2000000	2	0	0	186	11	20
chr10	48	96000000	98000000	2000000	0	0	0	163	2	4
chr10	49	98000000	100000000	2000000	0	0	0	168	2	2
chr10	50	100000000	102000000	2000000	0	0	0	128	0	3
chr10	51	102000000	104000000	2000000	0	0	0	104	18	47
chr10	52	104000000	106000000	2000000	0	0	0	92	37	33
chr10	53	106000000	108000000	2000000	0	0	0	180	22	23
chr10	54	108000000	110000000	2000000	2	0	2	119	13	4
chr10	55	110000000	112000000	2000000	0	0	0	167	37	50
chr10	56	112000000	114000000	2000000	0	0	0	148	12	13
chr10	57	114000000	116000000	2000000	0	0	0	142	38	18
chr10	58	116000000	118000000	2000000	0	0	0	161	15	28
chr10	59	118000000	120000000	2000000	1	1	0	140	41	50
chr10	60	120000000	122000000	2000000	0	0	0	173	42	48
chr10	61	122000000	124000000	2000000	0	0	0	162	24	27
chr10	62	124000000	126000000	2000000	0	0	0	102	20	21
chr10	63	126000000	128000000	2000000	0	0	0	136	37	42
chr10	64	128000000	130000000	2000000	0	0	0	173	4	0
chr10	65	130000000	130694993	694993	0	0	0	37	0	0
chr11	0	0	2000000	2000000	0	0	0	0	0	0
chr11	1	2000000	4000000	2000000	8	2	0	20	0	0
chr11	2	4000000	6000000	2000000	93	0	0	98	4	1
chr11	3	6000000	8000000	2000000	48	0	2	49	0	0
chr11	4	8000000	10000000	2000000	73	0	17	76	26	0
chr11	5	10000000	12000000	2000000	50	1	29	59	25	0
chr11	6	12000000	14000000	2000000	74	2	43	80	36	0
chr11	7	14000000	16000000	2000000	74	1	21	43	11	0
chr11	8	16000000	18000000	2000000	60	0	30	84	40	0
chr11	9	18000000	20000000	2000000	34	0	24	67	55	0
chr11	10	20000000	22000000	2000000	82	1	18	92	11	0
chr11	11	22000000	24000000	2000000	80	0	16	86	15	0
chr11	12	24000000	26000000	2000000	81	2	71	79	60	0
chr11	13	26000000	28000000	2000000	56	1	55	51	50	1
chr11	14	28000000	30000000	2000000	61	0	59	45	44	0
chr11	15	30000000	32000000	2000000	86	0	56	67	53	0
chr11	16	32000000	34000000	2000000	77	3	31	55	31	1
chr11	17	34000000	36000000	2000000	64	0	24	84	14	0
chr11	18	36000000	38000000	2000000	70	0	67	86	84	0
chr11	19	38000000	40000000	2000000	60	2	41	71	59	0
chr11	20	40000000	42000000	2000000	61	0	0	78	1	0
chr11	21	42000000	44000000	2000000	85	1	56	68	54	0
chr11	22	44000000	46000000	2000000	78	3	37	106	69	0
chr11	23	46000000	48000000	2000000	59	0	5	81	10	0
chr11	24	48000000	50000000	2000000	66	0	1	44	2	0
chr11	25	50000000	52000000	2000000	59	0	16	76	26	1
chr11	26	52000000	54000000	2000000	65	1	22	78	36	0
chr11	27	54000000	56000000	2000000	29	1	6	90	51	0
chr11	28	56000000	58000000	2000000	49	1	32	91	65	0
chr11	29	58000000	60000000	2000000	62	1	37	85	44	0
chr11	30	60000000	62000000	2000000	63	0	23	37	0	0
chr11	31	62000000	64000000	2000000	123	1	39	15	4	0
chr11	32	64000000	66000000	2000000	112	2	31	88	28	1
chr11	33	66000000	68000000	2000000	73	1	54	44	25	2
chr11	34	68000000	70000000	2000000	82	1	63	115	95	0
chr11	35	70000000	72000000	2000000	48	0	47	63	62	0
chr11	36	72000000	74000000	2000000	56	1	37	113	66	0
chr11	37	74000000	76000000	2000000	89	1	26	75	36	1
chr11	38	76000000	78000000	2000000	79	1	27	79	31	0
chr11	39	78000000	80000000	2000000	131	0	0	92	0	0
chr11	40	80000000	82000000	2000000	99	0	0	99	0	0
chr11	41	82000000	84000000	2000000	66	1	36	68	43	1
chr11	42	84000000	86000000	2000000	113	1	95	35	34	0
chr11	43	86000000	88000000	2000000	109	0	32	86	55	0
chr11	44	88000000	90000000	2000000	69	0	69	68	64	1
chr11	45	90000000	92000000	2000000	85	0	23	105	52	0
chr11	46	92000000	94000000	2000000	45	0	0	29	0	0
chr11	47	94000000	96000000	2000000	124	0	13	95	25	0
chr11	48	96000000	98000000	2000000	97	0	20	94	27	0
chr11	49	98000000	100000000	2000000	95	2	59	77	44	1
chr11	50	100000000	102000000	2000000	71	5	28	84	17	2
chr11	51	102000000	104000000	2000000	92	1	41	74	40	0
chr11	52	104000000	106000000	2000000	87	3	46	81	43	0
chr11	53	106000000	108000000	2000000	86	1	23	59	16	0
chr11	54	108000000	110000000	2000000	84	1	25	81	33	2
chr11	55	110000000	112000000	2000000	89	0	0	50	0	0
chr11	56	112000000	114000000	2000000	104	1	0	3	0	0
chr11	57	114000000	116000000	2000000	68	1	28	77	35	0
chr11	58	116000000	118000000	2000000	89	4	36	54	32	0
chr11	59	118000000	120000000	2000000	100	1	28	97	41	0
chr11	60	120000000	122000000	2000000	78	0	8	85	11	0
chr11	61	122000000	122082543	82543	0	0	0	0	0	0
chr12	0	0	2000000	2000000	0	0	0	0	0	0
chr12	1	2000000	4000000	2000000	35	0	0	70	0	1
chr12	2	4000000	6000000	2000000	88	3	0	90	0	0
chr12	3	6000000	8000000	2000000	77	0	0	73	0	0
chr12	4	8000000	10000000	2000000	89	8	0	68	0	2
chr12	5	10000000	12000000	2000000	69	44	0	73	2	49
chr12	6	12000000	14000000	2000000	85	35	2	44	1	15
chr12	7	14000000	16000000	2000000	70	39	1	53	3	18
chr12	8	16000000	18000000	2000000	80	77	0	94	1	83
chr12	9	18000000	20000000	2000000	26	21	3	0	0	0
chr12	10	20000000	22000000	2000000	54	47	4	3	0	0
chr12	11	22000000	24000000	2000000	3	3	0	2	0	1
chr12	12	24000000	26000000	2000000	58	56	0	39	1	37
chr12	13	26000000	28000000	2000000	46	46	0	82	0	81
chr12	14	28000000	30000000	2000000	71	71	0	103	0	103
chr12	15	30000000	32000000	2000000	82	32	0	73	2	31
chr12	16	32000000	34000000	2000000	53	0	0	50	0	0
chr12	17	34000000	36000000	2000000	52	38	0	32	0	28
chr12	18	36000000	38000000	2000000	84	33	0	48	2	10
chr12	19	38000000	40000000	2000000	101	41	0	93	6	33
chr12	20	40000000	42000000	2000000	50	23	0	57	1	34
chr12	21	42000000	44000000	2000000	74	42	0	88	4	46
chr12	22	44000000	46000000	2000000	66	34	1	67	0	29
chr12	23	46000000	48000000	2000000	81	34	2	42	0	20
chr12	24	48000000	50000000	2000000	78	1	0	50	0	0
chr12	25	50000000	52000000	2000000	95	1	0	61	0	2
chr12	26	52000000	54000000	2000000	62	0	0	74	0	0
chr12	27	54000000	56000000	2000000	75	15	0	57	1	31
chr12	28	56000000	58000000	2000000	77	41	1	68	0	31
chr12	29	58000000	60000000	2000000	94	42	0	88	1	57
chr12	30	60000000	62000000	2000000	68	39	0	68	2	18
chr12	31	62000000	64000000	2000000	66	23	1	54	0	19
chr12	32	64000000	66000000	2000000	64	11	0	72	0	4
chr12	33	66000000	68000000	2000000	68	18	0	64	3	23
chr12	34	68000000	70000000	2000000	46	15	4	58	1	21
chr12	35	70000000	72000000	2000000	117	60	0	80	0	21
chr12	36	72000000	74000000	2000000	54	2	0	91	0	1
chr12	37	74000000	76000000	2000000	63	14	1	108	1	21
chr12	38	76000000	78000000	2000000	92	33	0	73	0	12
chr12	39	78000000	80000000	2000000	87	0	0	87	0	0
chr12	40	80000000	82000000	2000000	75	26	0	38	0	9
chr12	41	82000000	84000000	2000000	96	26	0	69	1	8
chr12	42	84000000	86000000	2000000	55	1	0	85	0	2
chr12	43	86000000	88000000	2000000	57	8	1	47	6	1
chr12	44	88000000	90000000	2000000	83	31	0	74	4	29
chr12	45	90000000	92000000	2000000	66	40	4	58	0	22
chr12	46	92000000	94000000	2000000	43	29	0	46	1	13
chr12	47	94000000	96000000	2000000	84	5	0	66	0	6
chr12	48	96000000	98000000	2000000	70	4	0	43	0	0
chr12	49	98000000	100000000	2000000	105	13	0	62	1	21
chr12	50	100000000	102000000	2000000	74	44	1	83	0	59
chr12	51	102000000	104000000	2000000	62	23	0	58	0	30
chr12	52	104000000	106000000	2000000	76	22	0	79	0	41
chr12	53	106000000	108000000	2000000	89	8	1	84	0	7
chr12	54	108000000	110000000	2000000	57	30	0	64	1	36
chr12	55	110000000	112000000	2000000	73	45	0	59	4	38
chr12	56	112000000	114000000	2000000	67	40	3	60	0	25
chr12	57	114000000	116000000	2000000	18	18	0	13	0	13
chr12	58	116000000	118000000	2000000	94	58	4	45	0	32
chr12	59	118000000	120000000	2000000	28	15	0	80	1	54
chr12	60	120000000	120129022	129022	0	0	0	2	0	1
chr13	0	0	2000000	2000000	0	0	0	0	0	0
chr13	1	2000000	4000000	2000000	86	0	1	0	0	0
chr13	2	4000000	6000000	2000000	138	0	5	0	0	0
chr13	3	6000000	8000000	2000000	145	0	0	1	0	0
chr13	4	8000000	10000000	2000000	137	1	0	0	0	0
chr13	5	10000000	12000000	2000000	120	0	0	0	0	0
chr13	6	12000000	14000000	2000000	132	1	0	0	0	0
chr13	7	14000000	16000000	2000000	136	0	0	0	0	0
chr13	8	16000000	18000000	2000000	134	27	58	0	0	0
chr13	9	18000000	20000000	2000000	152	57	62	0	0	0
chr13	10	20000000	22000000	2000000	150	67	64	0	0	0
chr13	11	22000000	24000000	2000000	96	17	8	2	0	1
chr13	12	24000000	26000000	2000000	161	2	3	3	0	0
chr13	13	26000000	28000000	2000000	103	0	0	0	0	0
chr13	14	28000000	30000000	2000000	93	0	2	0	0	0
chr13	15	30000000	32000000	2000000	180	41	33	0	0	0
chr13	16	32000000	34000000	2000000	137	29	21	0	0	0
chr13	17	34000000	36000000	2000000	111	31	40	0	0	0
chr13	18	36000000	38000000	2000000	153	11	31	1	0	0
chr13	19	38000000	40000000	2000000	136	11	9	0	0	0
chr13	20	40000000	42000000	2000000	116	30	1	0	0	0
chr13	21	42000000	44000000	2000000	182	5	6	0	0	0
chr13	22	44000000	46000000	2000000	168	20	21	1	0	0
chr13	23	46000000	48000000	2000000	204	58	48	1	0	0
chr13	24	48000000	50000000	2000000	132	0	0	0	0	0
chr13	25	50000000	52000000	2000000	140	0	1	0	0	0
chr13	26	52000000	54000000	2000000	135	12	31	0	0	0
chr13	27	54000000	56000000	2000000	190	35	32	4	0	0
chr13	28	56000000	58000000	2000000	147	57	39	0	0	0
chr13	29	58000000	60000000	2000000	176	31	40	0	0	0
chr13	30	60000000	62000000	2000000	122	2	0	0	0	0
chr13	31	62000000	64000000	2000000	150	35	36	0	0	0
chr13	32	64000000	66000000	2000000	106	62	43	0	0	0
chr13	33	66000000	68000000	2000000	75	51	23	1	0	1
chr13	34	68000000	70000000	2000000	125	57	68	0	0	0
chr13	35	70000000	72000000	2000000	195	18	10	0	0	0
chr13	36	72000000	74000000	2000000	176	6	0	1	0	0
chr13	37	74000000	76000000	2000000	153	2	8	0	0	0
chr13	38	76000000	78000000	2000000	91	50	37	0	0	0
chr13	39	78000000	80000000	2000000	120	34	27	0	0	0
chr13	40	80000000	82000000	2000000	125	19	14	0	0	0
chr13	41	82000000	84000000	2000000	131	47	11	0	0	0
chr13	42	84000000	86000000	2000000	129	60	42	0	0	0
chr13	43	86000000	88000000	2000000	118	36	50	0	0	0
chr13	44	88000000	90000000	2000000	138	37	26	0	0	0
chr13	45	90000000	92000000	2000000	115	20	52	0	0	0
chr13	46	92000000	94000000	2000000	90	21	23	0	0	0
chr13	47	94000000	96000000	2000000	139	27	33	0	0	0
chr13	48	96000000	98000000	2000000	171	57	60	0	0	0
chr13	49	98000000	100000000	2000000	111	43	27	0	0	0
chr13	50	100000000	102000000	2000000	146	5	14	3	0	0
chr13	51	102000000	104000000	2000000	134	26	42	0	0	0
chr13	52	104000000	106000000	2000000	84	6	0	0	0	0
chr13	53	106000000	108000000	2000000	175	54	38	0	0	0
chr13	54	108000000	110000000	2000000	123	35	59	0	0	0
chr13	55	110000000	112000000	2000000	146	32	42	0	0	0
chr13	56	112000000	114000000	2000000	136	18	13	0	0	0
chr13	57	114000000	116000000	2000000	166	12	12	0	0	0
chr13	58	116000000	118000000	2000000	82	48	26	0	0	0
chr13	59	118000000	120000000	2000000	125	18	33	0	0	0
chr13	60	120000000	120421639	421639	8	0	0	0	0	0
chr14	0	0	2000000	2000000	0	0	0	0	0	0
chr14	1	2000000	4000000	2000000	7	1	0	8	0	0
chr14	2	4000000	6000000	2000000	42	0	0	14	0	0
chr14	3	6000000	8000000	2000000	50	2	2	54	4	0
chr14	4	8000000	10000000	2000000	128	0	75	86	40	0
chr14	5	10000000	12000000	2000000	55	1	39	86	59	0
chr14	6	12000000	14000000	2000000	80	0	80	88	87	0
chr14	7	14000000	16000000	2000000	80	0	80	71	71	0
chr14	8	16000000	18000000	2000000	36	0	35	49	49	0
chr14	9	18000000	20000000	2000000	29	3	25	90	61	11
chr14	10	20000000	22000000	2000000	59	33	2	71	0	28
chr14	11	22000000	24000000	2000000	85	23	1	59	3	11
chr14	12	24000000	26000000	2000000	99	0	0	100	0	4
chr14	13	26000000	28000000	2000000	97	0	0	71	0	0
chr14	14	28000000	30000000	2000000	101	0	0	55	0	0
chr14	15	30000000	32000000	2000000	64	4	1	66	0	4
chr14	16	32000000	34000000	2000000	122	40	0	66	1	19
chr14	17	34000000	36000000	2000000	81	49	0	105	6	44
chr14	18	36000000	38000000	2000000	69	14	3	47	0	5
chr14	19	38000000	40000000	2000000	38	8	1	72	2	20
chr14	20	40000000	42000000	2000000	33	26	0	57	3	33
chr14	21	42000000	44000000	2000000	14	6	3	22	0	17
chr14	22	44000000	46000000	2000000	35	16	0	66	1	33
chr14	23	46000000	48000000	2000000	81	81	0	73	1	72
chr14	24	48000000	50000000	2000000	96	94	1	70	1	69
chr14	25	50000000	52000000	2000000	32	32	0	61	0	61
chr14	26	52000000	54000000	2000000	12	12	0	27	0	26
chr14	27	54000000	56000000	2000000	85	70	3	51	1	38
chr14	28	56000000	58000000	2000000	87	62	1	67	0	29
chr14	29	58000000	60000000	2000000	86	33	0	56	3	33
chr14	30	60000000	62000000	2000000	117	46	0	54	0	21
chr14	31	62000000	64000000	2000000	74	24	0	98	1	26
chr14	32	64000000	66000000	2000000	124	71	0	69	2	41
chr14	33	66000000	68000000	2000000	90	51	0	87	4	55
chr14	34	68000000	70000000	2000000	87	22	0	35	0	6
chr14	35	70000000	72000000	2000000	52	10	0	91	0	33
chr14	36	72000000	74000000	2000000	70	46	0	97	3	54
chr14	37	74000000	76000000	2000000	100	36	0	96	2	54
chr14	38	76000000	78000000	2000000	76	13	1	91	0	9
chr14	39	78000000	80000000	2000000	83	56	1	98	1	63
chr14	40	80000000	82000000	2000000	38	28	1	46	1	33
chr14	41	82000000	84000000	2000000	58	44	1	31	1	11
chr14	42	84000000	86000000	2000000	30	17	0	56	1	30
chr14	43	86000000	88000000	2000000	44	43	0	69	0	66
chr14	44	88000000	90000000	2000000	21	21	0	57	0	56
chr14	45	90000000	92000000	2000000	39	23	0	64	1	27
chr14	46	92000000	94000000	2000000	23	3	0	58	0	2
chr14	47	94000000	96000000	2000000	57	57	0	41	0	41
chr14	48	96000000	98000000	2000000	59	59	0	58	0	58
chr14	49	98000000	100000000	2000000	94	88	0	81	2	75
chr14	50	100000000	102000000	2000000	57	30	1	49	1	23
chr14	51	102000000	104000000	2000000	56	10	0	87	1	11
chr14	52	104000000	106000000	2000000	102	53	0	71	4	26
chr14	53	106000000	108000000	2000000	21	18	0	65	0	41
chr14	54	108000000	110000000	2000000	49	19	0	46	0	20
chr14	55	110000000	112000000	2000000	34	19	0	64	0	52
chr14	56	112000000	114000000	2000000	29	1	0	31	1	1
chr14	57	114000000	116000000	2000000	106	2	0	46	1	5
chr14	58	116000000	118000000	2000000	76	21	0	48	1	31
chr14	59	118000000	120000000	2000000	77	24	0	73	0	26
chr14	60	120000000	122000000	2000000	93	21	0	82	1	11
chr14	61	122000000	124000000	2000000	77	0	0	87	0	0
chr14	62	124000000	124902244	902244	33	0	0	42	0	0
chr15	0	0	2000000	2000000	0	0	0	0	0	0
chr15	1	2000000	4000000	2000000	64	22	12	0	0	0
chr15	2	4000000	6000000	2000000	86	8	1	0	0	0
chr15	3	6000000	8000000	2000000	169	0	4	1	0	0
chr15	4	8000000	10000000	2000000	164	0	1	0	0	0
chr15	5	10000000	12000000	2000000	138	1	5	0	0	0
chr15	6	12000000	14000000	2000000	131	32	27	0	0	0
chr15	7	14000000	16000000	2000000	127	22	15	0	0	0
chr15	8	16000000	18000000	2000000	101	1	3	0	0	0
chr15	9	18000000	20000000	2000000	96	18	10	0	0	0
chr15	10	20000000	22000000	2000000	120	27	30	0	0	0
chr15	11	22000000	24000000	2000000	136	32	49	0	0	0
chr15	12	24000000	26000000	2000000	142	49	31	0	0	0
chr15	13	26000000	28000000	2000000	158	25	10	0	0	0
chr15	14	28000000	30000000	2000000	153	25	46	0	0	0
chr15	15	30000000	32000000	2000000	191	40	35	0	0	0
chr15	16	32000000	34000000	2000000	123	30	31	0	0	0
chr15	17	34000000	36000000	2000000	126	0	2	2	0	0
chr15	18	36000000	38000000	2000000	133	0	1	0	0	0
chr15	19	38000000	40000000	2000000	154	9	11	0	0	0
chr15	20	40000000	42000000	2000000	100	6	9	0	0	0
chr15	21	42000000	44000000	2000000	129	47	54	0	0	0
chr15	22	44000000	46000000	2000000	154	74	61	0	0	0
chr15	23	46000000	48000000	2000000	113	19	3	0	0	0
chr15	24	48000000	50000000	2000000	116	37	37	0	0	0
chr15	25	50000000	52000000	2000000	133	65	35	0	0	0
chr15	26	52000000	54000000	2000000	131	59	36	0	0	0
chr15	27	54000000	56000000	2000000	172	38	65	0	0	0
chr15	28	56000000	58000000	2000000	127	0	1	0	0	0
chr15	29	58000000	60000000	2000000	203	0	0	0	0	0
chr15	30	60000000	62000000	2000000	194	4	0	0	0	0
chr15	31	62000000	64000000	2000000	131	20	21	0	0	0
chr15	32	64000000	66000000	2000000	162	0	0	0	0	0
chr15	33	66000000	68000000	2000000	160	0	0	0	0	0
chr15	34	68000000	70000000	2000000	162	48	31	0	0	0
chr15	35	70000000	72000000	2000000	137	42	53	0	0	0
chr15	36	72000000	74000000	2000000	136	44	54	0	0	0
chr15	37	74000000	76000000	2000000	149	20	8	0	0	0
chr15	38	76000000	78000000	2000000	126	7	0	0	0	0
chr15	39	78000000	80000000	2000000	118	52	40	0	0	0
chr15	40	80000000	82000000	2000000	165	43	69	0	0	0
chr15	41	82000000	84000000	2000000	163	49	36	0	0	0
chr15	42	84000000	86000000	2000000	112	34	34	0	0	0
chr15	43	86000000	88000000	2000000	149	43	65	0	0	0
chr15	44	88000000	90000000	2000000	188	25	22	1	0	0
chr15	45	90000000	92000000	2000000	179	32	38	1	1	0
chr15	46	92000000	94000000	2000000	159	53	66	2	0	0
chr15	47	94000000	96000000	2000000	98	34	39	4	0	0
chr15	48	96000000	98000000	2000000	183	62	70	0	0	0
chr15	49	98000000	100000000	2000000	131	20	24	0	0	0
chr15	50	100000000	102000000	2000000	141	1	0	0	0	0
chr15	51	102000000	104000000	2000000	163	33	59	0	0	0
chr15	52	104000000	104043685	43685	0	0	0	0	0	0
chr16	0	0	2000000	2000000	0	0	0	0	0	0
chr16	1	2000000	4000000	2000000	11	0	0	24	0	0
chr16	2	4000000	6000000	2000000	54	0	8	82	26	1
chr16	3	6000000	8000000	2000000	81	0	81	92	92	0
chr16	4	8000000	10000000	2000000	80	2	0	62	0	0
chr16	5	10000000	12000000	2000000	87	0	43	69	28	2
chr16	6	12000000	14000000	2000000	15	0	1	71	34	0
chr16	7	14000000	16000000	2000000	51	1	3	56	29	0
chr16	8	16000000	18000000	2000000	86	0	0	55	0	0
chr16	9	18000000	20000000	2000000	49	0	0	84	3	0
chr16	10	20000000	22000000	2000000	90	0	2	70	1	4
chr16	11	22000000	24000000	2000000	69	0	15	79	4	0
chr16	12	24000000	26000000	2000000	30	0	0	79	0	1
chr16	13	26000000	28000000	2000000	78	1	11	64	26	0
chr16	14	28000000	30000000	2000000	75	1	11	66	4	0
chr16	15	30000000	32000000	2000000	6	0	0	96	21	0
chr16	16	32000000	34000000	2000000	17	0	5	61	28	0
chr16	17	34000000	36000000	2000000	29	0	22	70	37	0
chr16	18	36000000	38000000	2000000	54	1	15	28	11	1
chr16	19	38000000	40000000	2000000	54	0	33	81	41	0
chr16	20	40000000	42000000	2000000	69	1	19	75	37	0
chr16	21	42000000	44000000	2000000	35	0	12	52	7	0
chr16	22	44000000	46000000	2000000	54	0	35	46	15	0
chr16	23	46000000	48000000	2000000	30	0	0	91	5	0
chr16	24	48000000	50000000	2000000	0	0	0	101	3	0
chr16	25	50000000	52000000	2000000	56	0	19	116	18	0
chr16	26	52000000	54000000	2000000	101	0	0	46	0	1
chr16	27	54000000	56000000	2000000	60	3	0	51	0	0
chr16	28	56000000	58000000	2000000	62	1	44	84	31	1
chr16	29	58000000	60000000	2000000	0	0	0	34	30	0
chr16	30	60000000	62000000	2000000	43	1	22	61	33	1
chr16	31	62000000	64000000	2000000	65	3	35	63	32	0
chr16	32	64000000	66000000	2000000	30	0	11	27	20	3
chr16	33	66000000	68000000	2000000	67	0	33	47	16	1
chr16	34	68000000	70000000	2000000	20	0	10	51	23	0
chr16	35	70000000	72000000	2000000	2	0	2	54	23	0
chr16	36	72000000	74000000	2000000	17	1	12	71	41	0
chr16	37	74000000	76000000	2000000	42	1	22	44	29	0
chr16	38	76000000	78000000	2000000	49	1	12	45	13	0
chr16	39	78000000	80000000	2000000	52	0	28	17	7	0
chr16	40	80000000	82000000	2000000	67	2	22	51	25	0
chr16	41	82000000	84000000	2000000	29	0	4	67	10	0
chr16	42	84000000	86000000	2000000	36	0	20	50	19	0
chr16	43	86000000	88000000	2000000	102	0	17	76	16	0
chr16	44	88000000	90000000	2000000	3	1	1	51	30	1
chr16	45	90000000	92000000	2000000	63	1	31	74	40	0
chr16	46	92000000	94000000	2000000	63	0	22	84	31	0
chr16	47	94000000	96000000	2000000	59	0	0	73	5	3
chr16	48	96000000	98000000	2000000	86	2	37	20	8	0
chr16	49	98000000	98207768	207768	6	0	0	8	0	0
chr17	0	0	2000000	2000000	0	0	0	0	0	0
chr17	1	2000000	4000000	2000000	52	25	0	52	0	18
chr17	2	4000000	6000000	2000000	54	8	0	70	0	6
chr17	3	6000000	8000000	2000000	67	28	9	46	3	33
chr17	4	8000000	10000000	2000000	97	24	0	85	2	31
chr17	5	10000000	12000000	2000000	84	39	0	77	2	37
chr17	6	12000000	14000000	2000000	75	44	4	83	1	36
chr17	7	14000000	16000000	2000000	72	7	0	78	2	25
chr17	8	16000000	18000000	2000000	74	50	0	45	1	27
chr17	9	18000000	20000000	2000000	65	44	0	76	1	62
chr17	10	20000000	22000000	2000000	62	48	1	66	1	55
chr17	11	22000000	24000000	2000000	84	68	1	44	0	42
chr17	12	24000000	26000000	2000000	70	58	0	71	0	66
chr17	13	26000000	28000000	2000000	92	58	0	90	0	65
chr17	14	28000000	30000000	2000000	64	16	0	87	1	32
chr17	15	30000000	32000000	2000000	31	7	0	97	3	50
chr17	16	32000000	34000000	2000000	56	23	0	86	2	42
chr17	17	34000000	36000000	2000000	98	77	0	73	0	63
chr17	18	36000000	38000000	2000000	67	44	1	70	2	46
chr17	19	38000000	40000000	2000000	83	51	0	44	0	35
chr17	20	40000000	42000000	2000000	59	35	0	65	2	38
chr17	21	42000000	44000000	2000000	82	72	0	56	1	46
chr17	22	44000000	46000000	2000000	75	18	1	71	0	4
chr17	23	46000000	48000000	2000000	75	18	0	64	1	20
chr17	24	48000000	50000000	2000000	45	26	0	69	2	48
chr17	25	50000000	52000000	2000000	87	53	0	30	1	14
chr17	26	52000000	54000000	2000000	71	32	0	62	6	36
chr17	27	54000000	56000000	2000000	89	51	1	60	1	31
chr17	28	56000000	58000000	2000000	75	2	0	56	0	2
chr17	29	58000000	60000000	2000000	52	0	0	39	0	0
chr17	30	60000000	62000000	2000000	62	0	0	72	4	0
chr17	31	62000000	64000000	2000000	43	3	0	76	0	8
chr17	32	64000000	66000000	2000000	80	21	0	63	1	10
chr17	33	66000000	68000000	2000000	99	51	0	124	2	33
chr17	34	68000000	70000000	2000000	79	20	0	66	2	20
chr17	35	70000000	72000000	2000000	108	61	2	92	2	46
chr17	36	72000000	74000000	2000000	56	40	2	43	1	29
chr17	37	74000000	76000000	2000000	20	11	0	39	1	13
chr17	38	76000000	78000000	2000000	62	60	0	72	2	58
chr17	39	78000000	80000000	2000000	85	49	0	106	0	63
chr17	40	80000000	82000000	2000000	65	14	0	82	0	16
chr17	41	82000000	84000000	2000000	55	47	0	78	0	67
chr17	42	84000000	86000000	2000000	69	40	0	79	1	45
chr17	43	86000000	88000000	2000000	110	44	1	68	3	29
chr17	44	88000000	90000000	2000000	78	11	0	79	0	10
chr17	45	90000000	92000000	2000000	48	34	0	68	1	49
chr17	46	92000000	94000000	2000000	87	44	1	15	0	6
chr17	47	94000000	94987271	987271	46	13	0	26	0	2
chr18	0	0	2000000	2000000	0	0	0	0	0	0
chr18	1	2000000	4000000	2000000	70	5	6	0	0	0
chr18	2	4000000	6000000	2000000	141	6	4	0	0	0
chr18	3	6000000	8000000	2000000	156	2	4	2	0	0
chr18	4	8000000	10000000	2000000	104	0	0	0	0	0
chr18	5	10000000	12000000	2000000	95	11	18	7	1	5
chr18	6	12000000	14000000	2000000	118	6	3	1	0	0
chr18	7	14000000	16000000	2000000	138	0	0	0	0	0
chr18	8	16000000	18000000	2000000	109	19	50	0	0	0
chr18	9	18000000	20000000	2000000	114	50	35	0	0	0
chr18	10	20000000	22000000	2000000	166	54	44	0	0	0
chr18	11	22000000	24000000	2000000	157	13	18	1	1	0
chr18	12	24000000	26000000	2000000	142	26	28	0	0	0
chr18	13	26000000	28000000	2000000	107	1	0	0	0	0
chr18	14	28000000	30000000	2000000	104	1	2	0	0	0
chr18	15	30000000	32000000	2000000	72	32	0	0	0	0
chr18	16	32000000	34000000	2000000	75	6	35	0	0	0
chr18	17	34000000	36000000	2000000	112	21	13	0	0	0
chr18	18	36000000	38000000	2000000	104	15	10	1	0	0
chr18	19	38000000	40000000	2000000	148	43	33	0	0	0
chr18	20	40000000	42000000	2000000	106	33	20	0	0	0
chr18	21	42000000	44000000	2000000	70	37	2	0	0	0
chr18	22	44000000	46000000	2000000	98	21	15	0	0	0
chr18	23	46000000	48000000	2000000	119	45	17	1	1	0
chr18	24	48000000	50000000	2000000	108	33	10	0	0	0
chr18	25	50000000	52000000	2000000	135	21	23	0	0	0
chr18	26	52000000	54000000	2000000	132	37	3	0	0	0
chr18	27	54000000	56000000	2000000	137	3	1	0	0	0
chr18	28	56000000	58000000	2000000	128	53	25	0	0	0
chr18	29	58000000	60000000	2000000	127	9	12	5	0	5
chr18	30	60000000	62000000	2000000	156	3	0	1	0	0
chr18	31	62000000	64000000	2000000	120	0	2	0	0	0
chr18	32	64000000	66000000	2000000	136	16	6	0	0	0
chr18	33	66000000	68000000	2000000	171	59	58	0	0	0
chr18	34	68000000	70000000	2000000	102	42	31	0	0	0
chr18	35	70000000	72000000	2000000	102	44	9	0	0	0
chr18	36	72000000	74000000	2000000	86	38	9	0	0	0
chr18	37	74000000	76000000	2000000	107	58	44	0	0	0
chr18	38	76000000	78000000	2000000	109	64	14	0	0	0
chr18	39	78000000	80000000	2000000	107	3	1	0	0	0
chr18	40	80000000	82000000	2000000	171	0	1	0	0	0
chr18	41	82000000	84000000	2000000	172	5	0	0	0	0
chr18	42	84000000	86000000	2000000	143	15	10	1	0	1
chr18	43	86000000	88000000	2000000	83	3	2	0	0	0
chr18	44	88000000	90000000	2000000	115	3	0	0	0	0
chr18	45	90000000	90702639	702639	41	0	0	0	0	0
chr19	0	0	2000000	2000000	0	0	0	0	0	0
chr19	1	2000000	4000000	2000000	0	0	0	66	17	3
chr19	2	4000000	6000000	2000000	0	0	0	136	22	18
chr19	3	6000000	8000000	2000000	0	0	0	88	29	28
chr19	4	8000000	10000000	2000000	0	0	0	126	27	16
chr19	5	10000000	12000000	2000000	0	0	0	202	39	32
chr19	6	12000000	14000000	2000000	0	0	0	126	45	38
chr19	7	14000000	16000000	2000000	0	0	0	164	64	52
chr19	8	16000000	18000000	2000000	0	0	0	113	30	47
chr19	9	18000000	20000000	2000000	0	0	0	84	14	34
chr19	10	20000000	22000000	2000000	0	0	0	71	19	13
chr19	11	22000000	24000000	2000000	0	0	0	69	1	64
chr19	12	24000000	26000000	2000000	0	0	0	95	18	52
chr19	13	26000000	28000000	2000000	0	0	0	78	3	4
chr19	14	28000000	30000000	2000000	0	0	0	137	2	0
chr19	15	30000000	32000000	2000000	0	0	0	168	25	11
chr19	16	32000000	34000000	2000000	0	0	0	117	8	13
chr19	17	34000000	36000000	2000000	0	0	0	78	0	0
chr19	18	36000000	38000000	2000000	1	1	0	27	4	4
chr19	19	38000000	40000000	2000000	0	0	0	25	2	19
chr19	20	40000000	42000000	2000000	0	0	0	93	17	42
chr19	21	42000000	44000000	2000000	0	0	0	132	27	71
chr19	22	44000000	46000000	2000000	0	0	0	114	44	27
chr19	23	46000000	48000000	2000000	0	0	0	132	23	66
chr19	24	48000000	50000000	2000000	0	0	0	123	8	13
chr19	25	50000000	52000000	2000000	0	0	0	134	17	31
chr19	26	52000000	54000000	2000000	0	0	0	170	36	27
chr19	27	54000000	56000000	2000000	0	0	0	114	13	29
chr19	28	56000000	58000000	2000000	0	0	0	155	44	75
chr19	29	58000000	60000000	2000000	0	0	0	109	17	50
chr19	30	60000000	61431566	1431566	0	0	0	90	23	63
chrX	0	0	2000000	2000000	0	0	0	0	0	0
chrX	1	2000000	4000000	2000000	15	0	0	2	0	0
chrX	2	4000000	6000000	2000000	32	0	0	52	0	0
chrX	3	6000000	8000000	2000000	74	0	0	75	0	0
chrX	4	8000000	10000000	2000000	54	9	0	52	0	9
chrX	5	10000000	12000000	2000000	73	11	0	118	0	21
chrX	6	12000000	14000000	2000000	78	0	0	60	0	0
chrX	7	14000000	16000000	2000000	69	0	3	83	0	0
chrX	8	16000000	18000000	2000000	42	0	0	60	5	0
chrX	9	18000000	20000000	2000000	80	0	0	64	0	1
chrX	10	20000000	22000000	2000000	70	0	0	92	0	0
chrX	11	22000000	24000000	2000000	80	0	0	46	0	0
chrX	12	24000000	26000000	2000000	47	0	0	55	0	7
chrX	13	26000000	28000000	2000000	22	0	0	14	0	2
chrX	14	28000000	30000000	2000000	9	0	0	1	0	0
chrX	15	30000000	32000000	2000000	1	0	0	2	0	0
chrX	16	32000000	34000000	2000000	25	0	0	18	0	0
chrX	17	34000000	36000000	2000000	30	0	0	20	0	2
chrX	18	36000000	38000000	2000000	55	2	0	48	1	3
chrX	19	38000000	40000000	2000000	66	0	0	55	0	0
chrX	20	40000000	42000000	2000000	93	0	1	68	1	0
chrX	21	42000000	44000000	2000000	51	2	0	69	0	3
chrX	22	44000000	46000000	2000000	28	0	0	77	1	3
chrX	23	46000000	48000000	2000000	36	2	0	107	1	6
chrX	24	48000000	50000000	2000000	48	13	0	57	1	21
chrX	25	50000000	52000000	2000000	64	7	0	77	0	21
chrX	26	52000000	54000000	2000000	86	24	0	54	5	7
chrX	27	54000000	56000000	2000000	44	3	0	16	0	3
chrX	28	56000000	58000000	2000000	73	16	0	57	0	14
chrX	29	58000000	60000000	2000000	67	12	2	65	0	17
chrX	30	60000000	62000000	2000000	81	3	0	49	0	0
chrX	31	62000000	64000000	2000000	66	3	0	68	4	0
chrX	32	64000000	66000000	2000000	58	0	0	58	0	2
chrX	33	66000000	68000000	2000000	83	0	2	61	0	0
chrX	34	68000000	70000000	2000000	48	11	0	54	0	17
chrX	35	70000000	72000000	2000000	80	23	1	91	0	22
chrX	36	72000000	74000000	2000000	71	22	0	61	2	15
chrX	37	74000000	76000000	2000000	74	20	6	63	0	7
chrX	38	76000000	78000000	2000000	66	46	5	76	3	52
chrX	39	78000000	80000000	2000000	74	19	0	66	1	13
chrX	40	80000000	82000000	2000000	78	51	0	72	0	51
chrX	41	82000000	84000000	2000000	45	19	0	27	1	15
chrX	42	84000000	86000000	2000000	61	19	0	51	1	15
chrX	43	86000000	88000000	2000000	60	15	0	49	1	10
chrX	44	88000000	90000000	2000000	43	1	0	45	1	5
chrX	45	90000000	92000000	2000000	45	0	0	33	0	1
chrX	46	92000000	94000000	2000000	54	3	0	81	1	6
chrX	47	94000000	96000000	2000000	76	0	0	52	1	2
chrX	48	96000000	98000000	2000000	44	0	1	39	0	0
chrX	49	98000000	100000000	2000000	62	0	0	88	0	0
chrX	50	100000000	102000000	2000000	62	0	0	72	0	0
chrX	51	102000000	104000000	2000000	90	13	0	70	0	15
chrX	52	104000000	106000000	2000000	43	4	2	80	1	11
chrX	53	106000000	108000000	2000000	37	5	0	56	1	14
chrX	54	108000000	110000000	2000000	40	0	0	48	0	2
chrX	55	110000000	112000000	2000000	73	0	0	53	0	0
chrX	56	112000000	114000000	2000000	97	11	0	43	1	7
chrX	57	114000000	116000000	2000000	44	19	0	72	2	33
chrX	58	116000000	118000000	2000000	41	23	0	46	3	16
chrX	59	118000000	120000000	2000000	77	4	0	46	1	3
chrX	60	120000000	122000000	2000000	66	0	0	46	0	0
chrX	61	122000000	124000000	2000000	47	2	0	33	0	0
chrX	62	124000000	126000000	2000000	3	0	0	19	0	0
chrX	63	126000000	128000000	2000000	29	0	0	86	0	6
chrX	64	128000000	130000000	2000000	42	1	0	63	0	6
chrX	65	130000000	132000000	2000000	62	12	0	56	2	29
chrX	66	132000000	134000000	2000000	42	1	0	71	1	7
chrX	67	134000000	136000000	2000000	75	22	1	60	4	25
chrX	68	136000000	138000000	2000000	52	30	1	78	7	28
chrX	69	138000000	140000000	2000000	57	18	0	90	3	13
chrX	70	140000000	142000000	2000000	67	1	1	76	0	1
chrX	71	142000000	144000000	2000000	80	0	0	87	0	0
chrX	72	144000000	146000000	2000000	98	7	0	51	0	0
chrX	73	146000000	148000000	2000000	64	0	0	36	0	1
chrX	74	148000000	150000000	2000000	22	2	0	27	3	0
chrX	75	150000000	152000000	2000000	87	0	6	92	1	0
chrX	76	152000000	154000000	2000000	57	0	0	107	0	7
chrX	77	154000000	156000000	2000000	91	2	0	40	0	5
chrX	78	156000000	158000000	2000000	54	0	0	51	0	0
chrX	79	158000000	160000000	2000000	77	0	0	62	0	1
chrX	80	160000000	162000000	2000000	128	4	0	85	0	4
chrX	81	162000000	164000000	2000000	76	0	0	89	0	0
chrX	82	164000000	166000000	2000000	70	47	0	71	0	29
chrX	83	166000000	168000000	2000000	99	20	0	105	1	17
chrX	84	168000000	170000000	2000000	52	0	0	67	0	0
chrX	85	170000000	171031299	1031299	0	0	0	0	0	0
chrY	0	0	2000000	2000000	0	0	0	0	0	0
chrY	1	2000000	4000000	2000000	0	0	0	0	0	0
chrY	2	4000000	6000000	2000000	0	0	0	1	0	0
chrY	3	6000000	8000000	2000000	0	0	0	0	0	0
chrY	4	8000000	10000000	2000000	0	0	0	0	0	0
chrY	5	10000000	12000000	2000000	0	0	0	0	0	0
chrY	6	12000000	14000000	2000000	0	0	0	0	0	0
chrY	7	14000000	16000000	2000000	0	0	0	0	0	0
chrY	8	16000000	18000000	2000000	0	0	0	0	0	0
chrY	9	18000000	20000000	2000000	0	0	0	0	0	0
chrY	10	20000000	22000000	2000000	0	0	0	0	0	0
chrY	11	22000000	24000000	2000000	0	0	0	0	0	0
chrY	12	24000000	26000000	2000000	0	0	0	0	0	0
chrY	13	26000000	28000000	2000000	0	0	0	0	0	0
chrY	14	28000000	30000000	2000000	0	0	0	0	0	0
chrY	15	30000000	32000000	2000000	0	0	0	0	0	0
chrY	16	32000000	34000000	2000000	0	0	0	0	0	0
chrY	17	34000000	36000000	2000000	0	0	0	0	0	0
chrY	18	36000000	38000000	2000000	0	0	0	0	0	0
chrY	19	38000000	40000000	2000000	0	0	0	0	0	0
chrY	20	40000000	42000000	2000000	0	0	0	0	0	0
chrY	21	42000000	44000000	2000000	0	0	0	0	0	0
chrY	22	44000000	46000000	2000000	0	0	0	0	0	0
chrY	23	46000000	48000000	2000000	0	0	0	0	0	0
chrY	24	48000000	50000000	2000000	0	0	0	0	0	0
chrY	25	50000000	52000000	2000000	0	0	0	0	0	0
chrY	26	52000000	54000000	2000000	0	0	0	0	0	0
chrY	27	54000000	56000000	2000000	0	0	0	0	0	0
chrY	28	56000000	58000000	2000000	0	0	0	0	0	0
chrY	29	58000000	60000000	2000000	0	0	0	0	0	0
chrY	30	60000000	62000000	2000000	0	0	0	0	0	0
chrY	31	62000000	64000000	2000000	0	0	0	0	0	0
chrY	32	64000000	66000000	2000000	0	0	0	0	0	0
chrY	33	66000000	68000000	2000000	0	0	0	0	0	0
chrY	34	68000000	70000000	2000000	0	0	0	0	0	0
chrY	35	70000000	72000000	2000000	0	0	0	0	0	0
chrY	36	72000000	74000000	2000000	0	0	0	0	0	0
chrY	37	74000000	76000000	2000000	0	0	0	0	0	0
chrY	38	76000000	78000000	2000000	0	0	0	0	0	0
chrY	39	78000000	80000000	2000000	0	0	0	0	0	0
chrY	40	80000000	82000000	2000000	0	0	0	0	0	0
chrY	41	82000000	84000000	2000000	0	0	0	0	0	0
chrY	42	84000000	86000000	2000000	0	0	0	0	0	0
chrY	43	86000000	88000000	2000000	0	0	0	0	0	0
chrY	44	88000000	90000000	2000000	0	0	0	0	0	0
chrY	45	90000000	91744698	1744698	0	0	0	0	0	0
chrM	0	0	16299	16299	0	0	0	0	0	0
