Run	Cell	Species	CellLine	Barcode.1st	Barcode.2nd	Remark	TotalReads	UniqReads	Length.Median	Length.Mean	Length.Std	Background	GC.Median	GC.Mean	GC.Std	Spikiness	GenomicDepth	GenomicCoverage
20220418_S5CSTreat	20220418_S5CSTreat.sc013	Human	HG001	10	5		467670	108714	2516.0	2961.552559927884	1863.810613925785	0.005868	0.3954702127579159	0.4066170795885684	0.06633249408724957	0.3444434621165237	0.408846211038632	0.0951046720871962
20220418_S5CSTreat	20220418_S5CSTreat.sc018	Human	HG001	11	2		449629	160818	2418.0	2849.569612854283	1794.567620106754	0.016782	0.3947813481517275	0.4054518815747312	0.0654044705424495	0.2823644582271163	0.3900042846655578	0.1378443423307517
20220418_S5CSTreat	20220418_S5CSTreat.sc021	Human	HG001	11	5		429620	140608	2605.0	3106.474830735093	2030.866739685642	0.042118	0.3951136182752074	0.405915322349982	0.0652717579218945	0.353391503533915	0.4053050125654855	0.1306320351923626
20220418_S5CSTreat	20220418_S5CSTreat.sc023	Human	HG001	11	7		234641	118013	2963.0	3381.862938828773	1851.177937365805	0.017911	0.3948606587043069	0.4057830095018713	0.06335017133397675	0.2350635403615536	0.2659932817941653	0.1224900475026601
20220418_S5CSTreat	20220418_S5CSTreat.sc025	Human	HG001	12	1		156918	104556	2424.0	2765.979006465435	1557.347579301063	0.031565	0.3949139164088305	0.4059804929345735	0.06538633715306888	0.2803555394130169	0.1448855925162185	0.09045651941745304
20220418_S5CSTreat	20220418_S5CSTreat.sc026	Human	HG001	12	2		159788	82448	2470.5	2865.863538230157	1700.373698123387	0.026453	0.3944415566790303	0.4054499239718192	0.06524425790937431	0.3322871965669634	0.151354205787443	0.07350944838908506
20220418_S5CSTreat	20220418_S5CSTreat.sc028	Human	HG001	12	4		376347	141264	2454.0	2844.622706422018	1678.359741633762	0.010596	0.3950175019438503	0.4057201461503761	0.06529407982513084	0.2685732700796666	0.3592057402743872	0.1210239230614223
20220418_S5CSTreat	20220418_S5CSTreat.sc031	Human	HG001	12	7		359469	156530	2296.0	2636.850482335655	1527.735328865825	0.015566	0.3940453695447392	0.4048614131864833	0.06550866855801829	0.2254767795387592	0.3068102873164322	0.1258244304331189
20220418_S5CSTreat	20220418_S5CSTreat.sc034	Human	HG001	13	2		145511	96359	2354.0	2666.786745400015	1475.614867720569	0.007497	0.3945469125902165	0.4053750324454102	0.06553992362275615	0.2826991838109832	0.1284952888452766	0.08149280555406954
20220418_S5CSTreat	20220418_S5CSTreat.sc036	Human	HG001	13	4		489145	186248	2135.0	2447.198804819381	1412.188680352568	0.010255	0.394260152191166	0.4051726636222698	0.06622220702582811	0.2244239971391432	0.3749809604448621	0.1376155702779485
20220418_S5CSTreat	20220418_S5CSTreat.sc038	Human	HG001	13	6		327483	160978	2029.0	2325.993676154505	1333.521237481676	0.004448	0.3952368754879001	0.4058893396216205	0.06703963877840509	0.2386157843626152	0.2457053457518135	0.1152253000442064
20220418_S5CSTreat	20220418_S5CSTreat.sc043	Human	HG001	14	3		442961	174299	2331.0	2727.439836143639	1652.420488785283	0.032493	0.39590942293645	0.4068850214664197	0.06598952987238647	0.2329519340090472	0.4042099891451814	0.1430545336594782
20220418_S5CSTreat	20220418_S5CSTreat.sc044	Human	HG001	14	4		485822	217960	2247.0	2618.929271425949	1579.390174972955	0.04404	0.3965613264911179	0.4080313703403525	0.06702848551988544	0.2407766428426749	0.4261374234500318	0.1717044597098477
20220418_S5CSTreat	20220418_S5CSTreat.sc045	Human	HG001	14	5		432602	175035	2148.0	2521.698317479361	1569.020475628576	0.043372	0.3959827833572453	0.4069945607825773	0.06690612503355306	0.2424705250258076	0.3506762230507091	0.1333992302491727
20220418_S5CSTreat	20220418_S5CSTreat.sc046	Human	HG001	14	6		395604	180228	2126.0	2472.609927425261	1491.886498392083	0.01083	0.3954082676102059	0.4063844805176102	0.06695210909417605	0.2398796113770769	0.3167607540487417	0.1357683096906548
20220418_S5CSTreat	20220418_S5CSTreat.sc049	Human	HG001	15	1		262888	143496	2220.0	2542.342824887105	1460.909778726628	0.020599	0.3942734775525927	0.4052130711508653	0.06619370960904084	0.2563480970268775	0.2217357761802256	0.1137041398060171
20220418_S5CSTreat	20220418_S5CSTreat.sc050	Human	HG001	15	2		474547	180947	2250.0	2604.441626553632	1557.626418443384	0.006606	0.3956343792633015	0.4062856084255959	0.06657341601036837	0.2065454120806937	0.3793345817922666	0.1426897331569482
20220418_S5CSTreat	20220418_S5CSTreat.sc053	Human	HG001	15	5		486118	119678	2195.0	2630.110245826301	1734.537506613632	0.013543	0.3984605407507991	0.4093451050937704	0.06795007858975698	0.3763430313946127	0.372918697884432	0.09360224123039612
20220418_S5CSTreat	20220418_S5CSTreat.sc054	Human	HG001	15	6		458437	128834	2150.0	2559.741054380055	1668.497635436517	0.018298	0.3949513283970786	0.405895749921975	0.06712400551100693	0.3661845370249445	0.3543351953745505	0.1005137780932277
20220418_S5CSTreat	20220418_S5CSTreat.sc055	Human	HG001	15	7		560725	191731	2030.0	2337.00338495079	1378.863354003957	0.015704	0.3945669116009797	0.4051018993247805	0.06672710412926097	0.2148756227139571	0.4041907328075495	0.1350394380765131
20220430_S5Merged	20220430_S5Merged.sc001	Human	HG001	9	1		115849	86081	2457.0	2732.669148824944	1180.846669525565	0.003129	0.3947530864197531	0.4056504609471439	0.06492429468341138	0.2887887518160104	0.1046023147114007	0.07382970456737031
20220430_S5Merged	20220430_S5Merged.sc002	Human	HG001	9	2		396187	155312	2419.0	2789.791175182858	1430.080340649979	0.005658	0.3956651083722907	0.4069558937105325	0.06614267115542412	0.2725159553860897	0.3575738364426508	0.1293275656220679
20220430_S5Merged	20220430_S5Merged.sc003	Human	HG001	9	3		582442	186523	2344.0	2761.517753842689	1527.203791906003	0.014	0.4019788696964615	0.4131953100661107	0.06817767417755237	0.2838556569158784	0.517473787619094	0.1518900284603049
20220430_S5Merged	20220430_S5Merged.sc005	Human	HG001	9	5		578523	162095	2480.0	2905.042191307567	1601.334402127976	0.005811999999999999	0.3965773809523809	0.4079616612325038	0.06620376432634338	0.3082850377425136	0.5353012536596493	0.1371231757560092
20220430_S5Merged	20220430_S5Merged.sc013	Human	HG001	10	5		461249	99953	2755.0	3310.841705601633	2019.708697309836	0.031795	0.3981337480559876	0.409769352638316	0.06613857515633835	0.4169183000608188	0.4619938430766507	0.09473564202168797
20220430_S5Merged	20220430_S5Merged.sc031	Human	HG001	12	7		241863	119007	2424.0	2767.505180367541	1334.547570130602	0.003675	0.396590066716086	0.4073478029374857	0.06533714577495361	0.3999319904428675	0.2182673063642295	0.1000449449501196
20220430_S5Merged	20220430_S5Merged.sc037	Human	HG001	13	5		388641	86637	2629.0	3070.705945496728	1699.869505099821	0.007252	0.3951799273687686	0.4067571077566272	0.06624245896578349	0.344954128440367	0.3767535254195251	0.07714146837936874
20220430_S5Merged	20220430_S5Merged.sc039	Human	HG001	13	7		398189	186429	2476.0	2870.051923252284	1483.102278373068	0.01624	0.3964744547355841	0.4075246287320416	0.06550545476350518	0.2372915876958241	0.3691815016020016	0.1602327805654636
20220430_S5Merged	20220430_S5Merged.sc042	Human	HG001	14	2		563791	185533	2416.0	2789.324050168973	1434.873150154521	0.006467000000000001	0.3958596314062106	0.4069601864076264	0.06555517038845908	0.2507306901247158	0.5107118468509806	0.1504852323344265
20220430_S5Merged	20220430_S5Merged.sc044	Human	HG001	14	4		525101	115344	2530.0	2989.081321958663	1719.542059733785	0.003831	0.3975308641975309	0.4087512950315355	0.06672944351637569	0.4058553281839148	0.5021942777948901	0.09902123940510386
20220430_S5Merged	20220430_S5Merged.sc047	Human	HG001	14	7		503380	187276	2525.5	2931.036625088105	1521.616366287389	0.004441	0.3970212765957447	0.4081618029107498	0.06571443952665584	0.2472619195325806	0.4799273121915238	0.1617458802861809
20220430_S5Merged	20220430_S5Merged.sc052	Human	HG001	15	4		280730	82242	2600.0	3007.58927312079	1585.545202601514	0.006809	0.3972963094673621	0.4085557289032189	0.06611780566599029	0.4685457410804248	0.2733479231180734	0.07293774469174003
20220430_S5Merged	20220430_S5Merged.sc069	Human	HG001	17	5		479030	162128	2488.0	2855.776904667917	1448.316681006337	0.006961	0.3978610774790429	0.4086872976310438	0.06563184024432812	0.2518495861132883	0.4551602432160382	0.1389664589541041
20220430_S5Merged	20220430_S5Merged.sc070	Human	HG001	17	6		258437	132663	2377.0	2727.017412541553	1339.306584251682	0.002897	0.3960568280661061	0.407118148544644	0.06538828554976671	0.2973136581262431	0.2354999939370467	0.1117912322969546
20220430_S5Merged	20220430_S5Merged.sc081	Human	HG001	19	1		168358	102609	2522.0	2833.999425001705	1301.151716423077	0.004085	0.3960511033681766	0.4072732508034665	0.06504368887981908	0.3071522506756687	0.1574584895124101	0.08936079721491014
20220430_S5Merged	20220430_S5Merged.sc082	Human	HG001	19	2		281294	141592	2557.0	2922.626356008814	1437.938304080209	0.008706	0.3954146715127273	0.4062301076566819	0.06488372044059046	0.2520111247345914	0.2702182913835689	0.1248296570466998
20220430_S5Merged	20220430_S5Merged.sc085	Human	HG001	19	5		345439	88063	2589.0	3014.680069949922	1639.079931948457	0.010052	0.3971598717361429	0.4082264500471261	0.0660414248194602	0.4101531023368251	0.3413137184419202	0.07998169261490916
20220430_S5Merged	20220430_S5Merged.sc093	Human	HG001	20	5		432147	179375	2462.0	2819.726890592335	1410.526067604968	0.00304	0.3961038961038961	0.4071968094040965	0.06568376586954175	0.2240715519630213	0.3974129996999702	0.1497579401977096
20220430_S5Merged	20220430_S5Merged.sc095	Human	HG001	20	7		334407	140349	2438.0	2809.95435663952	1425.952302894039	0.003685	0.3970303421562297	0.4083576648443144	0.06630692287390927	0.3204973234329132	0.3114387599965938	0.1183484681299588
20220430_S5Merged	20220430_S5Merged.sc097	Human	HG001	9	21		295184	106018	2648.0	3079.077779245034	1654.122532137105	0.006953	0.395451471100529	0.4069567537017713	0.06554620451712614	0.3464729237111727	0.2862759854914609	0.09613631919322513
20220430_S5Merged	20220430_S5Merged.sc098	Human	HG001	9	23		568732	127001	2443.0	2816.560845977591	1497.882938864533	0.005483	0.393993724787091	0.405048064321296	0.06539249466251433	0.2821690262259209	0.5172721918997301	0.1041064123652314
20220430_S5Merged	20220430_S5Merged.sc101	Human	HG001	9	28		341947	116015	2563.0	2976.452553549111	1579.730013540195	0.005242	0.395358561572235	0.4067037314534081	0.0654805029037565	0.3318794570968484	0.3230802560945566	0.102128362977611
20220430_S5Merged	20220430_S5Merged.sc103	Human	HG001	10	22		557336	114217	2476.0	2870.479700920178	1532.869158457229	0.0046	0.3948497854077253	0.4058205694651567	0.06518083855789716	0.2858945805493689	0.5222205301496881	0.09343447331921101
20220430_S5Merged	20220430_S5Merged.sc106	Human	HG001	10	26		353756	138717	2870.0	3320.839039194907	1766.60867035277	0.009886	0.395513086830079	0.4067781646578245	0.06469732054649456	0.2504891924358383	0.3768349841590101	0.135538473638415
20220430_S5Merged	20220430_S5Merged.sc113	Human	HG001	11	26		361796	81037	2538.0	2996.89469007984	1697.327366651345	0.009442	0.3939393939393939	0.404653110405006	0.06424538063116984	0.3239357607858997	0.3562207675937363	0.07006552499487685
20220430_S5Merged	20220430_S5Merged.sc119	Human	HG001	12	26		486641	154339	2758.0	3135.350274395972	1516.3283642125	0.006083	0.3943387018057589	0.4053467906956833	0.06390703150179833	0.2662250384024578	0.5366132929650672	0.1395372343041146
20220430_S5Merged	20220430_S5Merged.sc124	Human	HG001	13	23		426119	119083	2458.0	2885.024982575178	1595.506660309435	0.006689	0.3958254269449715	0.4065650034093563	0.0657588046163326	0.3312700943152571	0.3929523638005226	0.1013788548526549
20220430_S5Merged	20220430_S5Merged.sc125	Human	HG001	13	24		604942	144021	2311.0	2711.102193430125	1468.767861726503	0.012499	0.3950361944157187	0.4056796160201505	0.06522172042942988	0.3196327993563017	0.55021074907104	0.1122186877228373
20220430_S5Merged	20220430_S5Merged.sc126	Human	HG001	13	26		710922	128704	2192.0	2554.327526727996	1378.057630690779	0.018561	0.3936337463136563	0.404482469647516	0.06567220578005215	0.4011813407071682	0.6171810461392861	0.09327279201349932
20220430_S5Merged	20220430_S5Merged.sc127	Human	HG001	13	27		451765	82087	2386.0	2823.193818753274	1606.653731896184	0.012598	0.3944359756097561	0.4055521146442686	0.06559254597820627	0.3984251768177886	0.4308583708638468	0.06732246662094114
20220430_S5Merged	20220430_S5Merged.sc129	Human	HG001	13	29		367109	125499	2346.0	2705.086638140543	1373.940211352741	0.003814	0.3953246753246753	0.4062182717255016	0.06563950866854149	0.2754172031608978	0.3258584400151145	0.101328008270877
20220430_S5Merged	20220430_S5Merged.sc131	Human	HG001	14	22		476622	105935	2662.0	3187.003407750035	1868.332276250745	0.01094	0.3966397277754147	0.4079631592852894	0.06567354857181483	0.3612529928172386	0.506765718505244	0.09625005861127332
20220430_S5Merged	20220430_S5Merged.sc133	Human	HG001	14	26		190628	112129	2535.0	2874.037635223715	1358.522866566748	0.003973	0.3936011904761905	0.4043221258733692	0.06381749532842453	0.2574755822689707	0.1827791383687483	0.0995007508034286
20220430_S5Merged	20220430_S5Merged.sc136	Human	HG001	14	29		213215	102862	2529.0	2880.389735762478	1388.751799734356	0.00503	0.3936857072052821	0.4044865679057191	0.06446213984215554	0.262706807144621	0.2035637562351176	0.09051234582268164
20220430_S5Merged	20220430_S5Merged.sc144	Human	HG001	16	22		204485	112657	2262.0	2573.801690085836	1206.44282353844	0.007201999999999999	0.3944543828264758	0.4050955048151909	0.0647930695725427	0.2642646865800379	0.1771689434256933	0.08914436011209875
20220430_S5Merged	20220430_S5Merged.sc145	Human	HG001	16	23		415288	110669	2520.0	2967.842964154371	1599.377607380281	0.009387999999999999	0.39601640304628	0.407193112411859	0.06553938908686008	0.2908828062919455	0.4301767740072869	0.0954211602674762
20220430_S5Merged	20220430_S5Merged.sc147	Human	HG001	16	26		210947	103035	2680.0	3007.924219925268	1369.816909420806	0.005646	0.3939060205580029	0.4051278597455131	0.06394717552086697	0.2884502818882921	0.2178521928448565	0.0938718414354982
20220430_S5Merged	20220430_S5Merged.sc153	Human	HG001	17	24		281605	129310	2557.0	2955.169654319078	1497.00999118133	0.00948	0.3944310723577753	0.405483861546372	0.06471812536261108	0.2902161279048029	0.2774539066835318	0.1158624037069293
20220430_S5Merged	20220430_S5Merged.sc154	Human	HG001	17	26		509030	141494	2591.0	3011.652275008128	1609.016948285981	0.008849	0.3942028985507247	0.4048996289942633	0.06416691233419372	0.2614855202002145	0.5010870175114989	0.1235764893622898
20220430_S5Merged	20220430_S5Merged.sc155	Human	HG001	17	27		364865	147255	2482.0	2875.687935893518	1487.687773845465	0.012511	0.3944954128440367	0.4055784584002727	0.06490268310109915	0.2937329974087872	0.3428811433512695	0.1262016340595175
20220430_S5Merged	20220430_S5Merged.sc157	Human	HG001	17	29		316134	124249	2557.0	2930.603835845761	1470.339255072495	0.010834	0.3934977578475337	0.4043841573935922	0.06413765637245895	0.2465579956486266	0.3028772960072193	0.1090163141137982
20220430_S5Merged	20220430_S5Merged.sc167	Human	HG001	19	23		247961	106362	2557.0	2946.588311615051	1472.78657968882	0.004953	0.3937616497992169	0.4048741441656089	0.0645312103510798	0.3033858965802345	0.240131166441866	0.09487756994655254
20220430_S5Merged	20220430_S5Merged.sc168	Human	HG001	19	24		403223	131280	2747.0	3152.095429616088	1579.178292975789	0.006622	0.3946365736785741	0.4057504720995642	0.06426408404835351	0.2569504375529298	0.431808876099788	0.1213039037827681
20220430_S5Merged	20220430_S5Merged.sc169	Human	HG001	19	26		307581	153145	2643.0	3008.711698063926	1475.104949965062	0.005555	0.3944610778443114	0.4051762959913682	0.06376179349299436	0.2702239535299866	0.303719975908938	0.1373207519992402
20220430_S5Merged	20220430_S5Merged.sc171	Human	HG001	19	28		301109	84866	2527.0	2918.679624348974	1542.013454211406	0.006381	0.3939279501952125	0.4049992791970467	0.06488621815216015	0.3197103660442955	0.2818278615853895	0.07296675545899067
20220610_Treat	20220610_Treat.sc001	Human	HG001	9	17		313412	139762	2165.0	2451.799766746326	1090.874151396971	0.003278	0.3933323497590243	0.404767695693985	0.0661853231380244	0.2544170413771177	0.2638709733524795	0.1050713162022458
20220610_Treat	20220610_Treat.sc002	Human	HG001	9	18		252769	128003	2006.0	2256.172370960056	942.802131933492	0.004582999999999999	0.3932481751824817	0.4046985193056799	0.06613899004560721	0.2509923336551713	0.1920510367646337	0.08949164653694397
20220610_Treat	20220610_Treat.sc003	Human	HG001	9	19		462633	179180	2286.0	2636.900976671503	1293.903907763246	0.003126	0.3941530106838489	0.4053226291217318	0.06550327567739128	0.2280269929691089	0.4137690421716584	0.1426068472877838
20220610_Treat	20220610_Treat.sc004	Human	HG001	9	20		451743	184960	1985.0	2292.014165224913	1094.662034710347	0.006092	0.3945362281004625	0.4058881215144921	0.06677351784994222	0.2318735391104076	0.3424045356035815	0.1291663229248197
20220610_Treat	20220610_Treat.sc007	Human	HG001	9	23		346996	138781	1901.0	2124.044617058531	850.5290329464477	0.006966	0.3941299790356394	0.4054559048017276	0.06696740383554664	0.2420607077486272	0.2457946618784433	0.09054020980793066
20220610_Treat	20220610_Treat.sc010	Human	HG001	10	20		406549	114372	2111.0	2530.625074318889	1386.169041999583	0.004645000000000001	0.3960520570738992	0.4076614626913774	0.06718153327694053	0.3358281448039152	0.3357950284939014	0.0871594929889571
20220610_Treat	20220610_Treat.sc012	Human	HG001	11	18		403959	100801	2045.0	2504.524161466652	1498.97009868988	0.004961	0.3980884109916368	0.4093216598520792	0.06752324168759204	0.3904570387761763	0.3228944812363825	0.07567806741495005
20220610_Treat	20220610_Treat.sc013	Human	HG001	11	19		154139	83908	2577.0	2956.585498403012	1458.42106140319	0.00456	0.3943843114120749	0.4059755348878773	0.0652955666676329	0.3404454450023398	0.1588291329607164	0.07693660031391107
20220610_Treat	20220610_Treat.sc014	Human	HG001	11	20		359183	161453	2063.0	2413.269211473308	1198.277711178885	0.04418399999999999	0.3964365256124722	0.4075664545978964	0.06675733172788813	0.2872594190112081	0.2857546800283051	0.1178382357044192
20220610_Treat	20220610_Treat.sc015	Human	HG001	11	21		442293	142584	2086.0	2434.345810189081	1220.389274455091	0.003774	0.3950064020486556	0.4062117670380021	0.066142214854375	0.2598616992922084	0.3760757240392167	0.1047256843852203
20220610_Treat	20220610_Treat.sc016	Human	HG001	11	22		349539	141321	1998.0	2312.857614933378	1106.708827298901	0.00435	0.394185260311021	0.4052684725897383	0.06618552949490106	0.2589154019511684	0.2649482486082663	0.09995064100004326
20220610_Treat	20220610_Treat.sc018	Human	HG001	11	24		393494	135745	2290.0	2658.586695642565	1339.558605503449	0.008015000000000001	0.3951497860199715	0.4062818604432525	0.0659180764934714	0.2854877081681205	0.3413472839893683	0.1094439364961143
20220610_Treat	20220610_Treat.sc021	Human	HG001	12	19		395123	146765	2363.0	2822.056757401288	1578.397305246352	0.003232	0.3960484957341716	0.4072251222430202	0.0662666930368214	0.3153737496036207	0.3644559792340869	0.1254114689126067
20220610_Treat	20220610_Treat.sc022	Human	HG001	12	20		393930	165369	2285.0	2722.638124436865	1493.1707973287	0.003961	0.3949100482667837	0.406121073227081	0.06582004381941327	0.283081469028014	0.3456764890018726	0.1368120548772357
20220610_Treat	20220610_Treat.sc023	Human	HG001	12	21		321358	130519	2092.0	2430.82589508041	1195.687911944681	0.002479	0.3959681433549029	0.4071403868917193	0.06669054969510653	0.2862360395975174	0.2559629552780459	0.09669816793926553
20220610_Treat	20220610_Treat.sc024	Human	HG001	12	22		309335	122522	2402.0	2820.240691467655	1478.951011140915	0.003795	0.3962424376156813	0.4077525710058928	0.06660019514188258	0.3204425593420113	0.2820603762449069	0.105797441035233
20220610_Treat	20220610_Treat.sc025	Human	HG001	12	23		247625	107906	2093.0	2384.403054510407	1082.276841926636	0.005179	0.3954719650806575	0.407113973462458	0.06719654272954287	0.3055212559534309	0.2026639866244913	0.07930736984145499
20220610_Treat	20220610_Treat.sc029	Human	HG001	13	20		377226	99415	1987.0	2386.60562289393	1315.00972483804	0.004436	0.396045197740113	0.4074001385543322	0.06771385934796673	0.335059532652758	0.2951805755600571	0.07212485086120939
20220610_Treat	20220610_Treat.sc030	Human	HG001	13	21		378458	94530	2245.0	2664.799608589866	1463.822146375384	0.00324	0.3931221848508094	0.4042204455061081	0.06573550290109262	0.4449358140587005	0.3303466828564691	0.07494997423517885
20220610_Treat	20220610_Treat.sc031	Human	HG001	13	22		380569	126638	2144.0	2525.219436504051	1320.613319386529	0.002445	0.3958694922697942	0.4071285030768527	0.06669163416900828	0.2818321170315572	0.3228020739809542	0.0972660552908048
20220610_Treat	20220610_Treat.sc035	Human	HG001	14	18		405021	131456	2108.0	2478.412624756573	1295.157428345283	0.008121	0.3955690455061682	0.4071481391804718	0.0671374493517243	0.3047568506368198	0.334185186911355	0.09867330254582037
20220610_Treat	20220610_Treat.sc037	Human	HG001	14	20		395961	119792	2335.0	2818.782381127287	1608.0105149575	0.001406	0.3961352657004831	0.407331008602379	0.06626247732551548	0.3672319827270986	0.3637142561484877	0.1032327095234143
20220610_Treat	20220610_Treat.sc038	Human	HG001	14	21		369111	111821	2590.0	3112.198361667308	1797.077663304178	0.002063	0.3956508904850929	0.4075974257744791	0.06646106111205131	0.3896549772688687	0.3695615462703745	0.1047179675197403
20220610_Treat	20220610_Treat.sc039	Human	HG001	14	22		300468	99856	2843.0	3380.423499839769	1928.567889556086	0.001619	0.3965761935201613	0.4081984206784536	0.06499801738477501	0.3995510303958805	0.3345088361313222	0.1012891891609927
20220610_Treat	20220610_Treat.sc040	Human	HG001	14	24		146194	87311	2549.0	2882.661531765757	1356.252537977987	0.00396	0.3941940412528648	0.405324466498253	0.06466499726152777	0.3141228472742204	0.1396734832754638	0.07882618261793045
20220610_Treat	20220610_Treat.sc042	Human	HG001	15	18		393656	99802	2123.0	2483.992905953789	1270.508722019244	0.003705	0.3947183065406969	0.4065419745711905	0.06723988951006753	0.3556652035073105	0.314366006446935	0.07421343132075045
20220610_Treat	20220610_Treat.sc043	Human	HG001	15	19		356127	95682	2751.0	3274.192742626617	1859.094984783981	0.006254	0.3986840366311885	0.4106357600544226	0.0666253255175886	0.3952019227588944	0.3617554669245841	0.09477000130784627
20220610_Treat	20220610_Treat.sc044	Human	HG001	15	20		367814	106971	2541.0	2995.549662992774	1631.956464561798	0.002499	0.3955182072829132	0.4070818340345391	0.06567493079584623	0.3430220532469195	0.3475432814049133	0.09749325377922356
20220610_Treat	20220610_Treat.sc052	Human	HG001	16	20		399525	110517	2422.0	2872.969597437498	1599.454671520993	0.002731	0.3955250811981234	0.4074761131456315	0.06727776463095324	0.3596115834116947	0.3664571072181853	0.0946938309133876
20220610_Treat	20220610_Treat.sc053	Human	HG001	16	21		319844	117179	2453.0	2896.19391699878	1576.438434638076	0.002399	0.3956953642384106	0.4072525564453841	0.06581315963053605	0.3192099825864138	0.3012802401570346	0.1031254414062881
20220610_Treat	20220610_Treat.sc059	Human	HG001	26	19		395591	144809	2544.0	2948.512350751681	1528.794172375315	0.008868000000000001	0.3966480446927375	0.4078397825986245	0.0656536598529622	0.2646266794135462	0.3804834817057881	0.1290387633401747
20220610_Treat	20220610_Treat.sc060	Human	HG001	26	20		447295	126280	2020.0	2324.066210009503	1083.649945478223	0.005907	0.3953871712924297	0.4068126995939057	0.06725136736920596	0.2648239486576033	0.3589168552099292	0.08854664112417816
20220610_Treat	20220610_Treat.sc061	Human	HG001	26	21		433540	128857	2065.0	2382.313758662704	1152.479949444988	0.0115	0.3941256830601093	0.405680289998716	0.06690829786511984	0.2665282500653937	0.344978802762526	0.0928268405974082
20220610_Treat	20220610_Treat.sc062	Human	HG001	26	22		370899	130063	2049.0	2325.705342795415	1030.373649308289	0.004083	0.39404869251578	0.4052888642596107	0.0665579479497367	0.2618509607569008	0.2894370304267269	0.09188687344284474
20220610_Treat	20220610_Treat.sc063	Human	HG001	26	23		247288	114673	2831.0	3240.888517785355	1624.895372375881	0.002315	0.3942411194833154	0.4054110409198252	0.06401773426226265	0.279822780136607	0.2742008638839253	0.1133205949655842
20220610_Treat	20220610_Treat.sc066	Human	HG001	27	18		170945	80595	2724.0	3123.575742912092	1574.393960601137	0.006784	0.3961290322580645	0.4073538860861036	0.06502702303468524	0.325455737704918	0.1810968582158545	0.0781032236963108
20220610_Treat	20220610_Treat.sc067	Human	HG001	27	19		425877	122314	2206.0	2566.481122357212	1305.977871858176	0.006000999999999999	0.3961753424167163	0.4072704471006209	0.06663798496950576	0.2955093325986638	0.3600953338904007	0.0950989266989334
20220610_Treat	20220610_Treat.sc069	Human	HG001	27	22		378123	106168	2136.0	2526.035547434255	1332.365698192855	0.009446	0.3972805999451233	0.408515262333534	0.06705283886520898	0.3205347721345093	0.3172290306704053	0.08136183692775102
20220610_Treat	20220610_Treat.sc072	Human	HG001	28	18		413070	100938	2160.0	2532.740979611247	1317.740897913802	0.005546	0.3939547100095152	0.4054343018155345	0.06646413724781189	0.3317532576010692	0.3428041945224403	0.07727897613266027
20220610_Treat	20220610_Treat.sc073	Human	HG001	28	19		433209	93390	1905.0	2240.123974729629	1139.086916183021	0.003034	0.3962625778629612	0.4077844153556261	0.06815303971303012	0.3038655918233518	0.3222451695801224	0.06286401854642218
20220610_Treat	20220610_Treat.sc074	Human	HG001	28	20		401095	102393	2391.0	2824.517359585128	1539.243622597173	0.004802000000000001	0.3947090961372568	0.4055966135553804	0.06573517569975497	0.3158209447617477	0.3637220366661079	0.08726862545292245
20220610_Treat	20220610_Treat.sc075	Human	HG001	28	21		417107	118386	2281.0	2678.565911509807	1415.983520231653	0.011925	0.3929465342707352	0.4042669553170977	0.06538662602007297	0.3065341389405494	0.3683692300320111	0.09614583153601544
20220610_Treat	20220610_Treat.sc077	Human	HG001	28	23		365471	81269	1980.0	2364.929702592624	1264.175832741901	0.002801	0.3970701619121049	0.4091412887835921	0.06899298700953503	0.3644875590878396	0.2856338348748881	0.05807131604015895
20220610_Treat	20220610_Treat.sc078	Human	HG001	28	24		273304	99664	2111.0	2463.113039813774	1236.805764971132	0.007551	0.3958125202355292	0.4072267146202787	0.06678816712856928	0.3078426581969216	0.2218110338795153	0.07519858488617523
20220610_Treat	20220610_Treat.sc081	Human	HG001	29	19		423735	107797	2235.0	2634.602363702144	1412.570142566755	0.005122	0.3949923352069494	0.4061044078431166	0.0661894726446196	0.3149671133242499	0.3652825680138892	0.08531226509729826
20220610_Treat	20220610_Treat.sc084	Human	HG001	29	22		310882	93645	2174.0	2587.054973570399	1432.336482105731	0.002656	0.39453125	0.4060545416309641	0.066487261691712	0.3256481534010325	0.2636211446151714	0.0735351162015837
20220708_GM12878	20220708_GM12878.sc002	Human	HG001	19	11		240144	117848	2378.0	2710.441899735252	1309.560529560722	0.005629	0.4026049834663665	0.4140076944966781	0.0655231015627703	0.2865570478222669	0.2246121155270818	0.09838979973938254
20220708_GM12878	20220708_GM12878.sc004	Human	HG001	19	13		210315	89224	2827.0	3346.730711467767	1907.231947847888	0.007367	0.4006095734660661	0.4121523955308953	0.0662684064480506	0.471426552341468	0.2096828806478802	0.09268642328043956
20220708_GM12878	20220708_GM12878.sc005	Human	HG001	19	14		347588	130846	2055.0	2421.785022087033	1318.761648964289	0.011595	0.3940761435956317	0.4048196820944119	0.06589748482003897	0.3943235462487452	0.2570095536805076	0.09426278835896908
20220708_GM12878	20220708_GM12878.sc006	Human	HG001	19	15		224596	109220	2484.0	2908.477430873467	1585.587235468199	0.006015	0.3979582362192789	0.4093127710381758	0.06618755259611475	0.3898985016916385	0.2015367694820998	0.0982102047040238
20220708_GM12878	20220708_GM12878.sc007	Human	HG001	19	16		338979	151278	1986.0	2359.703334258782	1284.40167269053	0.032039	0.3941107288465867	0.4053578607712446	0.06690843834579932	0.3531751283355042	0.2544556183368866	0.1095155990668724
20220708_GM12878	20220708_GM12878.sc008	Human	HG001	19	18		305412	128659	2053.0	2429.076753278045	1329.760137644264	0.005141	0.3960296096904442	0.407563282758822	0.06712649600252897	0.4022892238972641	0.2325746619204747	0.09567202587380057
20220708_GM12878	20220708_GM12878.sc011	Human	HG001	20	12		383898	209674	1993.0	2317.051694535326	1163.977842943331	0.020519	0.3948796349089142	0.4062227139955217	0.0666900555452978	0.2338675078864353	0.2843283531312162	0.1479877571348291
20220708_GM12878	20220708_GM12878.sc012	Human	HG001	20	13		357387	189995	2014.0	2343.845190662912	1185.755443116877	0.016239	0.3961992513676936	0.4073250900310192	0.06675171857720702	0.2438318898512103	0.2670914624301893	0.1366761123405068
20220708_GM12878	20220708_GM12878.sc013	Human	HG001	20	14		243720	113948	2505.5	2972.968353986029	1677.747858964286	0.010467	0.3974043568897331	0.4085752883144733	0.0657764794514218	0.3996373157665868	0.2213913631451636	0.1046092326207819
20220708_GM12878	20220708_GM12878.sc014	Human	HG001	20	15		231080	127650	2358.0	2753.861942812377	1463.066266000124	0.003843	0.3951729338950434	0.4060356704938608	0.06491321047441635	0.2932239039881223	0.1997993571844794	0.1092213390487381
20220708_GM12878	20220708_GM12878.sc015	Human	HG001	20	16		292118	139927	2316.0	2714.888656227891	1462.314440458849	0.006362	0.3955014058106842	0.4069300124898344	0.06625395817546571	0.3621770587273997	0.2498917205790613	0.1187187684556641
20220708_GM12878	20220708_GM12878.sc017	Human	HG001	21	9		250729	137520	1960.0	2273.417510180338	1134.374112429634	0.012761	0.3954268467637915	0.4067617543016651	0.06678175098337633	0.3209621253468832	0.1831469089566625	0.09704940253593368
20220708_GM12878	20220708_GM12878.sc018	Human	HG001	21	11		223028	123556	2252.0	2622.044344264949	1356.063951740164	0.0032	0.394253618755149	0.4051119798375431	0.06518517413721099	0.3153189309196482	0.1922395490126631	0.1004520431693879
20220708_GM12878	20220708_GM12878.sc020	Human	HG001	21	13		173545	83147	2552.0	3023.852502194908	1708.627162937964	0.004143	0.3992982456140351	0.4109087487524213	0.06687077700277487	0.40217364053451	0.1625373894323803	0.07907359848695064
20220708_GM12878	20220708_GM12878.sc021	Human	HG001	21	14		233637	100197	2664.0	3186.630667584858	1857.06309721323	0.002828	0.3986562150055991	0.4103301491787677	0.06652052971097817	0.3813033481369492	0.2233526462807904	0.09830778134801976
20220708_GM12878	20220708_GM12878.sc022	Human	HG001	21	15		178618	85052	2763.0	3266.484879838217	1859.618007259882	0.004817	0.3995647984507227	0.4111311659388998	0.06623390284488627	0.4456965198584349	0.1771855281125657	0.08709643319625346
20220708_GM12878	20220708_GM12878.sc023	Human	HG001	21	16		323600	120212	2146.0	2496.797507736333	1314.804045884689	0.006514	0.3941584076535698	0.405111555585408	0.06602931672688891	0.3511001090588052	0.2552092864596404	0.09276710010729518
20220708_GM12878	20220708_GM12878.sc024	Human	HG001	21	18		215657	114126	1879.0	2122.362564183446	953.2867021668857	0.005438	0.3944800380874651	0.4052068541984586	0.06631550411558068	0.2846737621471541	0.1485276111099046	0.07578522353213557
20220708_GM12878	20220708_GM12878.sc027	Human	HG001	22	12		281460	100827	2513.0	2946.105537207296	1632.875051501834	0.009545999999999999	0.3923076923076923	0.4036201079547723	0.06401947565968237	0.4642026198646509	0.2472116423456975	0.08923054545777732
20220708_GM12878	20220708_GM12878.sc029	Human	HG001	22	14		275745	153138	2590.0	2987.161912784548	1542.665714246652	0.00831	0.3940992836325892	0.4049945805355748	0.06381831125496233	0.2861914370519328	0.2625158728524666	0.1405236007384625
20220708_GM12878	20220708_GM12878.sc030	Human	HG001	22	15		264344	151443	2373.0	2729.195552121921	1371.156484548804	0.002169	0.3944487881157154	0.4054074575919787	0.06491035881782425	0.2530887020823887	0.2311709044027421	0.1274116424624279
20220708_GM12878	20220708_GM12878.sc031	Human	HG001	22	16		248463	133127	2470.0	2890.166119570035	1547.518368216252	0.009175	0.3975112340131352	0.4085567534242027	0.06544817987296928	0.3569847085058936	0.2236833681926656	0.1183732194212035
20220708_GM12878	20220708_GM12878.sc032	Human	HG001	22	18		263620	152032	2259.0	2666.278290096822	1436.340066585639	0.003493	0.3957379544377074	0.4067853904116275	0.06571562682879037	0.3128954075432127	0.2248092455096795	0.1253650271980621
20220708_GM12878	20220708_GM12878.sc033	Human	HG001	23	9		357460	160136	2004.0	2276.589442723685	1077.522094203514	0.005289	0.3950301279232193	0.4059862169272758	0.06643923493038334	0.2398365409965726	0.2592617740534191	0.1120020923592402
20220708_GM12878	20220708_GM12878.sc034	Human	HG001	23	11		283861	149186	2146.0	2455.710013003901	1195.01255343172	0.003232	0.3953219082908754	0.4064916742133072	0.06597638401868422	0.2475090579710145	0.2231412352622748	0.1130302664236294
20220708_GM12878	20220708_GM12878.sc035	Human	HG001	23	12		202023	112533	2295.0	2661.21945562635	1357.56781357827	0.003417	0.3953858392999205	0.4063853701258056	0.06529150405856053	0.3201478812095637	0.1794229074498556	0.09332738015851387
20220708_GM12878	20220708_GM12878.sc036	Human	HG001	23	13		312880	170559	1838.0	2122.754917653129	1035.049213809162	0.046086	0.3942251031231585	0.4055222705308637	0.06726820174666379	0.2532810266627891	0.2156535216609879	0.1114860665454632
20220708_GM12878	20220708_GM12878.sc039	Human	HG001	23	16		159578	95179	2203.0	2457.40951260257	1079.095265632055	0.004804	0.3938789088489688	0.4045517446333117	0.0650168714684561	0.3026646500144576	0.1315379373214815	0.07300793700240693
20220708_GM12878	20220708_GM12878.sc042	Human	HG001	26	11		232921	131766	2432.0	2869.070048419168	1570.750561002599	0.011605	0.3985680190930788	0.4098521771292232	0.06618802884325875	0.3631252749010356	0.2096636973536879	0.1171813936173631
20220708_GM12878	20220708_GM12878.sc043	Human	HG001	26	12		189595	110860	2690.0	3065.168049792532	1518.269052838487	0.004249	0.3940117734155476	0.4050358422300006	0.06410080105843717	0.3122390222510344	0.1907768214391923	0.1052226493395227
20220708_GM12878	20220708_GM12878.sc044	Human	HG001	26	13		227708	126109	2538.0	2965.167204561133	1599.253664576683	0.009958	0.3954918032786885	0.406704801860951	0.06509572078053534	0.2961831933335564	0.2101605186558924	0.1154415054949665
20220708_GM12878	20220708_GM12878.sc047	Human	HG001	26	16		259403	121266	2382.0	2749.36441376808	1379.446838670015	0.003028	0.3953967813304703	0.4064435095808258	0.06519394755840649	0.3243325932271543	0.2360341251325432	0.1025656319635159
20220708_GM12878	20220708_GM12878.sc049	Human	HG001	27	9		277554	94403	2567.0	2833.606082433821	1294.030118403851	0.012174	0.399097065462754	0.4107488480633299	0.0667966801536259	0.4568085106382978	0.2378347099184596	0.0821606027657609
20220708_GM12878	20220708_GM12878.sc051	Human	HG001	27	12		226272	117587	2516.0	2903.93399780588	1494.135669049123	0.02739	0.3950242718446602	0.4063136944109219	0.06552419852680454	0.3252646144446241	0.2152266137130761	0.1049900355496229
20220708_GM12878	20220708_GM12878.sc052	Human	HG001	27	13		277656	148742	2200.0	2613.926779255355	1434.190402385737	0.046936	0.3986142354789635	0.4106094001502421	0.0672676635379769	0.3224092430256334	0.2298663910063836	0.1200437569716181
20220708_GM12878	20220708_GM12878.sc053	Human	HG001	27	14		158197	82283	2823.0	3328.109925501015	1874.089200466309	0.009	0.4002399040383847	0.4122180188101109	0.06670869100455185	0.4555373214697813	0.1607832164479807	0.08559683538143184
20220708_GM12878	20220708_GM12878.sc054	Human	HG001	27	16		210196	114627	2454.0	2765.794620813595	1300.359214643516	0.008152	0.3963567839195979	0.4074433176439928	0.06523940333799574	0.3066925929275572	0.200191203585735	0.1003501503537639
20220708_GM12878	20220708_GM12878.sc055	Human	HG001	27	18		245056	154871	2098.0	2389.278392985129	1117.964874739854	0.01945	0.3945713339953658	0.4056028712005806	0.06549312493269899	0.2373521973891053	0.1933603432019331	0.1147502964695822
20220708_GM12878	20220708_GM12878.sc057	Human	HG001	28	11		172339	89374	2850.0	3326.936424463491	1826.310289861385	0.002763	0.4000649814889647	0.4120907974823369	0.06637947429981754	0.4309549165779198	0.1762048218491343	0.09226474350367317
20220708_GM12878	20220708_GM12878.sc060	Human	HG001	28	14		359893	152989	2166.0	2486.697592637379	1232.472694169101	0.003759	0.3949016100178891	0.4056978837008559	0.06581427137847512	0.26406301778416	0.2812416775478841	0.1163271088522227
20220708_GM12878	20220708_GM12878.sc061	Human	HG001	28	15		217394	99779	2547.0	2988.258110424037	1634.428967853562	0.008385	0.3984509466437177	0.409615517716139	0.06605121730422753	0.3855872768116095	0.1994589271038306	0.09265900172973893
20220708_GM12878	20220708_GM12878.sc062	Human	HG001	28	16		392934	176846	1929.0	2188.980926908157	1024.168726526908	0.013457	0.3933767594542781	0.40444278519465	0.06613590201361101	0.2657409123243288	0.2761794071843278	0.1185313480331437
20220708_GM12878	20220708_GM12878.sc065	Human	HG001	29	11		174770	100394	2706.0	3138.735024005419	1664.549604526859	0.014608	0.3999117191597675	0.4116109675673614	0.06632326611806694	0.4060107057184459	0.1723655984902815	0.0983829127865067
20220708_GM12878	20220708_GM12878.sc066	Human	HG001	29	12		220254	118560	2539.0	2951.316278677463	1529.847863926115	0.007571	0.3941084577837966	0.4048448508929262	0.06392144830398695	0.3174038461538461	0.2192410818487212	0.1098673964458514
20220708_GM12878	20220708_GM12878.sc067	Human	HG001	29	13		221323	106177	2549.0	3017.594366011472	1697.808199853098	0.01983	0.398414271555996	0.4103603656869549	0.06713063133079711	0.3900713454132959	0.2042063225036443	0.0990576727771207
20220708_GM12878	20220708_GM12878.sc068	Human	HG001	29	14		208422	114341	2467.0	2879.047367086172	1542.26739621694	0.005806	0.3956109134045077	0.4064932186624509	0.06485955769371342	0.3325004164584375	0.1878105527486396	0.1019610162835942
20220708_GM12878	20220708_GM12878.sc075	Human	HG001	30	13		274481	128610	2251.0	2653.408965088251	1442.519051078975	0.012194	0.3945935355418114	0.4058579429874749	0.06600846488756855	0.3855502285650574	0.2353223004658987	0.1080723904395902
20220708_GM12878	20220708_GM12878.sc076	Human	HG001	30	14		265973	104697	2547.0	2989.640706037422	1648.452156952984	0.01865	0.3968277945619335	0.4083488695204081	0.06604185467539872	0.3703345717421291	0.2420995904432777	0.09578372633640644
20220708_GM12878	20220708_GM12878.sc078	Human	HG001	30	16		308051	104688	2378.0	2829.8890130674	1615.590494120122	0.005776	0.3980450115083177	0.4093055176067664	0.0668428974607824	0.3894686290007904	0.2654851185849216	0.0910216290313324
20220708_GM12878	20220708_GM12878.sc079	Human	HG001	30	18		289470	103915	2419.0	2840.461377087042	1548.677851178811	0.015037	0.3953439597315436	0.4069198952460149	0.06606888556969398	0.3960575115581974	0.2582101822622965	0.0902003682487094
20220708_GM12878	20220708_GM12878.sc080	Human	HG001	7	11		157171	84501	2978.0	3414.605791647436	1743.149474284253	0.004549	0.3957881697119852	0.4072476265768297	0.06385832834701251	0.4015391750122206	0.176445048852395	0.08902888504279546
20220708_GM12878	20220708_GM12878.sc081	Human	HG001	7	12		232669	127259	2013.0	2360.23522108456	1235.72204426758	0.00448	0.3939838591342626	0.4049036295720331	0.06578814350715287	0.2925099866844208	0.1769048750437497	0.09321906438976836
20220708_GM12878	20220708_GM12878.sc083	Human	HG001	7	14		303425	114280	2320.0	2714.821062303115	1464.482064928614	0.008402	0.3948958071072287	0.4057550422043544	0.06537559089308582	0.3168317745792287	0.255436538861074	0.0954040681026116
20220708_GM12878	20220708_GM12878.sc084	Human	HG001	7	15		330980	96714	1982.0	2270.070692971028	1112.804238049952	0.008992	0.3963715402070112	0.4074861129859083	0.06744583790317027	0.2969241523942677	0.2408594039693868	0.0670033704420418
20220708_GM12878	20220708_GM12878.sc087	Human	HG001	8	9		179320	122125	2095.0	2363.605117707267	1072.346261489551	0.006789	0.3934582407113369	0.4042985294629991	0.06522548453134955	0.2988962396144612	0.1404868623231289	0.09080271506026702
20220708_GM12878	20220708_GM12878.sc088	Human	HG001	8	11		330909	186582	2157.0	2462.21387915233	1177.398988769479	0.037147	0.3938981507208793	0.4049875472378236	0.06520756068297921	0.2621629750696608	0.2638079159945572	0.1403471274405816
20220708_GM12878	20220708_GM12878.sc089	Human	HG001	8	12		317855	145582	2377.0	2735.427120111003	1395.882783032758	0.003464	0.3948481219840165	0.4061344083354825	0.06561641627290822	0.2971303769273048	0.2752457301133909	0.1220132995811332
20220708_GM12878R2	20220708_GM12878R2.C01	Human	HG001	19	9		138234	85959	2462.0	2697.094184436766	1182.396600888037	0.009961	0.3981154299175501	0.4092527142408288	0.06552481042338734	0.4035959135116573	0.121455952745753	0.07304379437472869
20220708_GM12878R2	20220708_GM12878R2.C02	Human	HG001	19	11		162496	97019	2657.0	2856.814057040373	1108.173714642278	0.006529000000000001	0.3987945755901557	0.4100567155594867	0.06520635658321633	0.3356473673329489	0.1571620816693258	0.08668975549850161
20220708_GM12878R2	20220708_GM12878R2.C03	Human	HG001	19	14		824571	206534	2087.0	2381.503021294315	1180.128871811949	0.003937	0.3989824415826651	0.4101160655473717	0.06747180317118225	0.3253014494961033	0.6224880836776128	0.145429452054391
20220708_GM12878R2	20220708_GM12878R2.C04	Human	HG001	19	15		487745	116079	2568.0	2843.384178016695	1352.09789801028	0.008820999999999999	0.3966708542713568	0.4082513715718893	0.06632647428971597	0.3976338243178163	0.4226829574527091	0.09877980161987546
20220708_GM12878R2	20220708_GM12878R2.C05	Human	HG001	19	16		594130	215736	2263.0	2549.227361219268	1220.836656349829	0.0157	0.3978931684721761	0.4091663231266349	0.06691927147789271	0.2537548479231571	0.4819112965325241	0.1639954989213394
20220708_GM12878R2	20220708_GM12878R2.C08	Human	HG001	20	11		567967	199068	2117.0	2417.632427110334	1197.076724092595	0.007368	0.3971056531425998	0.4080700495122141	0.06642108851916374	0.3164901745261521	0.4272290287851889	0.1419412434662357
20220708_GM12878R2	20220708_GM12878R2.C09	Human	HG001	20	12		885280	265161	1924.0	2200.610945802739	1083.564112553102	0.005846000000000001	0.3978102189781022	0.4091185543421658	0.06822853268055915	0.2363124089682672	0.6120427225986004	0.1714653739233742
20220708_GM12878R2	20220708_GM12878R2.C10	Human	HG001	20	13		749626	257877	2016.0	2310.504686342714	1148.660952283359	0.012904	0.3981010512037979	0.4096367126753503	0.06782831783972416	0.260644207361903	0.539518256644596	0.1766831255959245
20220708_GM12878R2	20220708_GM12878R2.C11	Human	HG001	20	14		678321	231671	2058.0	2338.659556008305	1134.136058395175	0.007677	0.3979416809605489	0.4091730191818025	0.06782345440212577	0.2796807145564389	0.4973026247323149	0.1614579938298899
20220708_GM12878R2	20220708_GM12878R2.C12	Human	HG001	20	15		499352	185238	2307.0	2596.75150347121	1258.706739034033	0.015559	0.3985560438097141	0.4096120892136436	0.06658512400474577	0.3144998460011635	0.4020404014241771	0.1442592039782579
20220708_GM12878R2	20220708_GM12878R2.C13	Human	HG001	20	16		362113	147350	2299.0	2574.450580251103	1216.489782066379	0.004468	0.40545336274225	0.4167710684477363	0.06845822625392492	0.3236013973823486	0.3014933426529157	0.1190630663603524
20220708_GM12878R2	20220708_GM12878R2.C16	Human	HG001	21	11		141470	97754	2396.0	2607.720144444217	1098.247776525052	0.015079	0.3973997115235837	0.4088648624694035	0.06561910749040238	0.272517895374235	0.1222070591307325	0.0800669847436693
20220708_GM12878R2	20220708_GM12878R2.C17	Human	HG001	21	12		720905	176256	2182.0	2486.782963416848	1248.771075194648	0.008032	0.3981238957874792	0.4100382694176873	0.06849135254015835	0.3904593533694903	0.5489903097171299	0.1287714786121076
20220708_GM12878R2	20220708_GM12878R2.C18	Human	HG001	21	13		136915	90428	2168.0	2400.786393594904	1057.546751619793	0.005738	0.3954245972208039	0.40643315034921	0.06503168849038607	0.3345302559721052	0.1100360756609019	0.06920519223293824
20220708_GM12878R2	20220708_GM12878R2.C24	Human	HG001	22	12		257015	132969	2361.0	2635.290210500192	1232.487784125115	0.006469	0.3979388297872341	0.4089862259331617	0.06605028239073264	0.362360198087486	0.2195710235870964	0.1079149220012135
20220708_GM12878R2	20220708_GM12878R2.C25	Human	HG001	22	13		176084	115342	2360.0	2600.070746128903	1149.975532566144	0.00473	0.3978494623655914	0.4090777854580749	0.06554823173860072	0.2976144706248512	0.1505110034512183	0.0939339454026209
20220708_GM12878R2	20220708_GM12878R2.C26	Human	HG001	22	14		474483	173715	2227.0	2530.459488242236	1227.808548944887	0.039414	0.4004289215686275	0.4117069545338133	0.06772070459111634	0.3830597105679193	0.3934583607500435	0.1320171475025745
20220708_GM12878R2	20220708_GM12878R2.C31	Human	HG001	23	11		870285	159769	1806.0	2079.216024385207	1052.273459977017	0.004581	0.3968253968253968	0.4080323240464921	0.06873678412617445	0.4052311164175971	0.5786217107261761	0.09770465958035066
20220708_GM12878R2	20220708_GM12878R2.C36	Human	HG001	26	12		321508	119169	2759.0	3012.353800065453	1319.586068851242	0.007537	0.4014028056112224	0.4129816313156262	0.06676333679163231	0.3888498956065923	0.3203189918172155	0.1080529226238093
20220708_GM12878R2	20220708_GM12878R2.C39	Human	HG001	26	16		285722	92396	2633.0	2912.916251785792	1368.860217682378	0.006291	0.3997556877488728	0.4113668117966273	0.06700021165751283	0.423827747935996	0.266690283859961	0.08183835980591872
20220708_GM12878R2	20220708_GM12878R2.C41	Human	HG001	27	9		582147	132546	2302.0	2598.599195750909	1284.006671598989	0.008395999999999999	0.3985568972386749	0.4096528023474417	0.06721598605060816	0.386751251235296	0.4568121793849958	0.1027255268353907
20220708_GM12878R2	20220708_GM12878R2.C45	Human	HG001	27	14		325241	83235	2518.0	2804.549288160029	1360.977949250094	0.008118	0.4050573636150784	0.417134765291399	0.06922622185967554	0.5216361541415951	0.2715214152154456	0.06980077696111912
20220708_GM12878R2	20220708_GM12878R2.C47	Human	HG001	27	16		197183	93275	2595.0	2848.112623961405	1233.365733190255	0.003858	0.3987730061349693	0.4101450459356641	0.06567535073878893	0.3922434841860201	0.1849667163410983	0.08204340491476095
20220708_GM12878R2	20220708_GM12878R2.C50	Human	HG001	28	11		670732	203111	2123.0	2412.87656995436	1179.285107448957	0.00546	0.3975866336633663	0.4089564171714721	0.06744317717537608	0.255657140487815	0.5053581905547249	0.1457945989915201
20220708_GM12878R2	20220708_GM12878R2.C51	Human	HG001	28	12		785003	233869	2083.0	2373.167598099791	1168.836145821791	0.014529	0.3969005596211795	0.4083001221760592	0.06725756899724572	0.2393442474756149	0.5818376718062829	0.1636330417219167
20220708_GM12878R2	20220708_GM12878R2.C52	Human	HG001	28	13		750338	226510	2088.0	2359.323575118096	1129.979255669299	0.008166	0.3971416531416471	0.4083986507150205	0.06716381595913297	0.2309451503521258	0.5570057329520954	0.1585037199155959
20220708_GM12878R2	20220708_GM12878R2.C53	Human	HG001	28	14		700023	191352	2230.0	2511.680776788327	1213.906826200697	0.006634999999999999	0.398071182447096	0.4095012275157643	0.0673217089964738	0.2758888833738687	0.5453724538932609	0.1425220626370159
20220708_GM12878R2	20220708_GM12878R2.C54	Human	HG001	28	15		497295	119630	2507.0	2789.711493772465	1335.151426415546	0.028032	0.3993095512082854	0.4108598673548428	0.06721179832211391	0.374723622534713	0.41794141596284	0.1001475504610185
20220708_GM12878R2	20220708_GM12878R2.C55	Human	HG001	28	16		884431	213467	1877.0	2129.155565028786	1021.303786579907	0.01366	0.3971109984794729	0.4084215749826009	0.06810880937971332	0.2399857715945695	0.5972091968861225	0.1337872283046395
20220708_GM12878R2	20220708_GM12878R2.C58	Human	HG001	29	11		511014	107669	2532.0	2806.290984405911	1344.281179516056	0.007929	0.40542966120709	0.4178816215376555	0.06979273640463693	0.4225112186195014	0.4364393619962752	0.08974491179417192
20220708_GM12878R2	20220708_GM12878R2.C61	Human	HG001	29	14		645729	151842	2131.0	2411.117767152698	1177.380846451997	0.005364	0.3985962175329119	0.4100972137109345	0.06814200149217424	0.3669257310145332	0.4792910513109634	0.1085070663833896
20220708_GM12878R2	20220708_GM12878R2.C62	Human	HG001	29	15		516287	103672	2576.0	2848.576761324176	1345.385933387537	0.006693999999999999	0.4016987547915755	0.4137749063711038	0.06839806712358519	0.4302183477269024	0.4385557069628571	0.08786904009158991
20220708_GM12878R2	20220708_GM12878R2.C64	Human	HG001	30	9		425851	93258	2455.0	2736.167395826631	1322.312269024917	0.014451	0.4027890270963619	0.4153417648425011	0.06990462779127439	0.3700610307414105	0.3524629101048525	0.07631286951367394
20220708_GM12878R2	20220708_GM12878R2.C65	Human	HG001	30	12		718998	220331	2115.0	2413.406592808093	1189.821451652322	0.011512	0.3986186482486433	0.4099706769925337	0.06783929497368206	0.2472989310409091	0.5499783836288348	0.1572290040686803
20220708_GM12878R2	20220708_GM12878R2.C66	Human	HG001	30	13		737551	185092	2097.0	2400.675961143647	1206.87207409009	0.015546	0.4017305315203956	0.4130025473852398	0.06830579569636308	0.3462877726635982	0.5431534359375549	0.131785899624995
20220708_GM12878R2	20220708_GM12878R2.C67	Human	HG001	30	14		603418	168086	2424.0	2706.18441155123	1297.073475736339	0.020592	0.4001545280478255	0.4117207073213719	0.06718205103372407	0.3634324664666044	0.50309377714479	0.135350378781469
20220708_GM12878R2	20220708_GM12878R2.C68	Human	HG001	30	15		394635	113110	2719.0	2970.822456016268	1363.082538070401	0.012394	0.4007849443352832	0.4126357055609596	0.06706970244162687	0.4089980884889737	0.3538609824082034	0.101405999533937
20220708_GM12878R2	20220708_GM12878R2.C69	Human	HG001	30	16		603420	133466	2282.0	2591.94119101494	1314.761242595459	0.012203	0.4025974025974026	0.4141324874391334	0.06885882847565206	0.4836262515656879	0.4724645474465944	0.1026684152134511
20220708_GM12878R2	20220708_GM12878R2.C70	Human	HG001	30	18		346423	110587	2448.0	2731.154385235154	1304.84049027011	0.014976	0.3998323554065382	0.4112331808974273	0.06714086273420015	0.3992685535311867	0.2906844562011331	0.09158685864514822
20220708_GM12878R2	20220708_GM12878R2.C73	Human	HG001	7	12		515231	152527	2431.0	2711.253941925036	1316.516232910441	0.007089	0.4011824324324325	0.4128947206967306	0.06814069639830828	0.4101353173423313	0.4176785061889786	0.1236296740297865
20220708_GM12878R2	20220708_GM12878R2.C74	Human	HG001	7	13		798971	244472	1950.0	2209.713247324847	1060.568979875221	0.010629	0.3971902937420179	0.408151940489046	0.06732864303166032	0.2505574989540155	0.5532492246798887	0.1606129215816116
20220708_GM12878R2	20220708_GM12878R2.C75	Human	HG001	7	14		790306	208378	1955.0	2234.729539586713	1105.24739146851	0.004351	0.3973936431235208	0.4089213189342452	0.06845879313144895	0.2708672107313465	0.5443786046802657	0.1386033033202687
20220708_GM12878R2	20220708_GM12878R2.C76	Human	HG001	7	15		640035	212145	2207.0	2488.181724763723	1199.945856702265	0.008876	0.3975069252077562	0.4087868218764157	0.0669531603214158	0.2523129935963191	0.4864061870225334	0.1582610873483913
20220708_GM12878R2	20220708_GM12878R2.C77	Human	HG001	7	16		362472	187042	2025.0	2273.090936794944	1041.990820742551	0.007790999999999999	0.3977695167286245	0.4088547504710233	0.06682367674082575	0.2667226957115219	0.2634101749877265	0.1308325279557887
20220708_GM12878R2	20220708_GM12878R2.C80	Human	HG001	8	11		582925	232855	2129.0	2420.826505765391	1161.333996252334	0.021515	0.3974458204334365	0.408582026637607	0.06659078713500625	0.2726016572215574	0.4661380050566805	0.1680164254883479
20220708_GM12878R2	20220708_GM12878R2.C81	Human	HG001	8	12		674001	216679	2105.0	2403.687117810217	1169.535799640149	0.006202	0.3972687771570453	0.4083114505379577	0.06660338782617736	0.2972712633724636	0.5239870551275485	0.1546918767161613
20220708_GM12878R2	20220708_GM12878R2.C84	Human	HG001	8	16		637599	191952	2231.0	2524.71722097191	1221.576466948923	0.011464	0.3987485908657008	0.4100338384577247	0.06720893291452612	0.3368045617665837	0.5068931000030267	0.1437983781352586
20220708_GM12878R2	20220708_GM12878R2.C85	Human	HG001	8	18		506623	168961	2270.0	2550.821272364628	1202.482219486999	0.002697	0.3971447112264763	0.4082315543628983	0.0660268800461878	0.2345843918332699	0.414805625970726	0.1293126974560259
20220817_HG001	20220817_HG001.C01	Human	HG001	19	6		281132	127714	1778.5	1989.196955697887	891.5482518814628	0.003019	0.3963679945190131	0.4072229511454052	0.06767546896792051	0.2469128664293325	0.1790249483561838	0.07842541969965608
20220817_HG001	20220817_HG001.C02	Human	HG001	19	9		331802	168993	1669.0	1879.255412946099	843.4489604507922	0.004912	0.3956766917293233	0.4066904112278338	0.06836693952832693	0.2315222558610854	0.1990983627729711	0.09797956169568944
20220817_HG001	20220817_HG001.C03	Human	HG001	19	11		203306	110180	2189.0	2426.532510437466	1082.186390111233	0.003449	0.3961926355754306	0.4076003358024544	0.06642576459344712	0.2759020667970398	0.1639842484925126	0.08239320020784323
20220817_HG001	20220817_HG001.C04	Human	HG001	19	12		318465	147324	1818.0	2067.914813608102	993.4263174512292	0.002556	0.3965406637825851	0.4080002939856361	0.06819860962254727	0.2917525773195876	0.2069231134132249	0.09372854168527288
20220817_HG001	20220817_HG001.C06	Human	HG001	19	15		250797	109954	2037.0	2335.652363715736	1178.053497920783	0.005190999999999999	0.3974105539395967	0.4093275993313492	0.06827628539064827	0.3441425069332046	0.1835985866305917	0.08012583688642652
20220817_HG001	20220817_HG001.C07	Human	HG001	19	18		248370	95503	2132.0	2460.62714260285	1279.373361562475	0.004392	0.3985706432105552	0.4097768049378968	0.06801034189002145	0.3533213287524442	0.1848601897887969	0.0722945659017985
20220817_HG001	20220817_HG001.C09	Human	HG001	21	9		252899	99678	2136.0	2456.310038323401	1275.380723003557	0.003249	0.3998519061937315	0.4119715072707674	0.06942827629794272	0.4126695787307321	0.1898127203843616	0.07584967845453544
20220817_HG001	20220817_HG001.C14	Human	HG001	21	15		333006	133439	1765.0	2008.157675042529	960.2680788629426	0.003266	0.3966480446927375	0.4079405545302132	0.06871895602335143	0.2616807640268074	0.2096415321480307	0.0819554230482943
20220817_HG001	20220817_HG001.C15	Human	HG001	21	18		351898	142814	1605.0	1790.136002072626	765.9921416739708	0.003261	0.3944535503112275	0.4056899399435688	0.06852751686765568	0.2403236064070519	0.2015427868702185	0.07834180165696622
20220817_HG001	20220817_HG001.C17	Human	HG001	22	14		183615	94026	2204.5	2524.770850615787	1275.09630451276	0.004084	0.3983957219251337	0.4098293305113598	0.06729879428838753	0.3458740597270393	0.1461363414193003	0.07355988001456093
20220817_HG001	20220817_HG001.C18	Human	HG001	23	6		308198	120481	1674.0	1888.488450461069	861.8259791731889	0.003875	0.3958810068649886	0.4073423260484179	0.06920682316051888	0.2972355874376695	0.1848135706830419	0.0703359095473898
20220817_HG001	20220817_HG001.C19	Human	HG001	23	9		284072	110832	1894.0	2160.397367186372	1065.535396239247	0.011398	0.3966770508826584	0.4080286460398988	0.06817175769761354	0.3204859501066494	0.1953407327622277	0.07606498094925182
20220817_HG001	20220817_HG001.C20	Human	HG001	23	11		323067	104854	1769.0	2033.678314608885	1017.11807714715	0.009409	0.403129314312011	0.4139741147707691	0.06950954399710238	0.4022543774799139	0.2085654934133284	0.06629757881568175
20220817_HG001	20220817_HG001.C21	Human	HG001	23	12		276320	126813	1961.0	2231.547159991484	1087.921434696658	0.004326	0.3955617198335645	0.4068236666692417	0.06685188853425746	0.3069772875189827	0.1947214322205149	0.08688300513532737
20220817_HG001	20220817_HG001.C22	Human	HG001	23	13		244757	97963	2044.0	2362.171932260139	1229.956315895449	0.039821	0.3975535168195719	0.4089595338628199	0.06846540909756489	0.3519400588707519	0.1783789034808031	0.07185589413402753
20220817_HG001	20220817_HG001.C23	Human	HG001	23	14		261845	128957	1899.0	2168.874113076452	1063.075845723969	0.004352	0.3961038961038961	0.4074491841713868	0.06812491971117192	0.2697545220700027	0.1769594186670486	0.08622795087341174
20220817_HG001	20220817_HG001.C24	Human	HG001	23	15		311024	134292	1723.0	1950.399227057457	906.5727552216807	0.004638000000000001	0.3963238759217165	0.4077862888180856	0.0687654857902546	0.2553412497934323	0.1932357968330843	0.08065993573411402
20220817_HG001	20220817_HG001.C28	Human	HG001	26	11		338125	146381	1739.0	1972.567641975393	928.5322648031552	0.008751	0.3966666666666667	0.4081232758612787	0.06832694084407115	0.2579144926184034	0.211117568931847	0.08870948834231608
20220817_HG001	20220817_HG001.C30	Human	HG001	26	14		245336	107905	1986.0	2292.374811176498	1179.170918753315	0.003705	0.3965517241379311	0.4080182782275362	0.06746045888752387	0.3727077595585569	0.1728130525142727	0.07632486428993271
20220817_HG001	20220817_HG001.C34	Human	HG001	27	9		268332	93755	1910.0	2208.440861820703	1146.203515882977	0.016325	0.3990417522245038	0.4108675738980314	0.06958120895424505	0.4166465454796316	0.1776929041917913	0.06195025450842179
20220817_HG001	20220817_HG001.C35	Human	HG001	27	11		325538	134266	1671.0	1885.658305155438	861.2133045928027	0.009348	0.3952704229812248	0.4066311195403118	0.06869638440793611	0.2499331308903819	0.1946387908729601	0.07771891746497657
20220817_HG001	20220817_HG001.C37	Human	HG001	27	13		202159	96246	2213.0	2548.832398229537	1318.695069884157	0.004369	0.4018480019466133	0.4137893754434294	0.06859879719624712	0.3667856324285387	0.1587169410201099	0.0766175879610543
20220817_HG001	20220817_HG001.C38	Human	HG001	27	14		216347	105940	2078.0	2395.173598263168	1226.999341419242	0.004006	0.3987020108562374	0.4100238145196245	0.06774273569880186	0.3422017802977737	0.1611750061536141	0.07922228223432573
20220817_HG001	20220817_HG001.C39	Human	HG001	27	15		290115	119243	1782.0	2065.527796180908	1041.578653615156	0.026275	0.3970269433261072	0.4085762032118042	0.06886657862692573	0.2965476959565298	0.186278978255094	0.07587816191771743
20220817_HG001	20220817_HG001.C40	Human	HG001	28	6		242205	102547	2085.0	2368.922104010844	1164.628643543201	0.003636	0.3974663499604117	0.4086571725279238	0.06693929718354913	0.3284413059052297	0.1805102616568285	0.07553177670978638
20220817_HG001	20220817_HG001.C42	Human	HG001	28	12		335486	153221	1797.0	2019.006187141449	923.3297000236844	0.016221	0.3956737269040108	0.4066361633243099	0.06753069734008131	0.2276039699165493	0.2146476042804683	0.09507823697075594
20220817_HG001	20220817_HG001.C43	Human	HG001	28	13		337019	143154	1732.0	1951.428363859899	895.5084823477182	0.00478	0.3996584116140051	0.4106991275371707	0.06843241498984924	0.2926241606853438	0.21297689386058	0.08766416576526598
20220817_HG001	20220817_HG001.C44	Human	HG001	28	14		286393	132465	1767.0	2003.903204620088	938.2513390747998	0.005468	0.3950191570881226	0.4064908507199702	0.06783212322717601	0.2800629247219095	0.1824782707019381	0.08190813263854682
20220817_HG001	20220817_HG001.C49	Human	HG001	30	12		265231	132449	1903.0	2146.102394129061	1002.628417281979	0.0054	0.3948863636363637	0.4057675800368693	0.06654921537005609	0.2905472955139843	0.1821985661543591	0.08724452911785276
20220817_HG001	20220817_HG001.C50	Human	HG001	30	13		257599	113601	1990.0	2288.161345410692	1152.619041250041	0.007817000000000001	0.4024929634097306	0.4135935256934285	0.06835248199415969	0.3885997360447608	0.1851704216245629	0.08031497730803636
20220817_HG001	20220817_HG001.C52	Human	HG001	30	15		216530	119101	1842.0	2080.615922620297	969.6289760543157	0.004888	0.3954943679599499	0.4069886346038072	0.06763851621971216	0.2824754738461812	0.1429401128504864	0.0771267132567452
20220817_HG001	20220817_HG001.C53	Human	HG001	30	18		168883	106736	1755.0	1980.773206790586	898.0579935126514	0.009781	0.3962674435372724	0.4075578805028623	0.06815779982212074	0.2603323349445943	0.1086730169042324	0.06637786781665572
20220817_HG001	20220817_HG001.C55	Human	HG001	7	9		288911	142207	1765.0	2017.17244580084	969.6443630637	0.002644	0.3967507481829842	0.4077821845996971	0.06808622632737144	0.2452007175662297	0.1834275512428755	0.08853198895802185
20220817_HG001	20220817_HG001.C56	Human	HG001	7	11		294566	158841	1831.0	2033.888687429568	873.1016989636584	0.003369	0.3969380134428678	0.408294642350128	0.06772734598611503	0.219756668973963	0.1953689205733923	0.0997418884149029
20220817_HG001	20220817_HG001.C57	Human	HG001	7	12		339729	87263	1722.0	1955.882069147291	947.4929341024726	0.006518	0.3957697339729612	0.4069529427602086	0.06862910236644118	0.2942604829844039	0.207983328851956	0.05165652187087781
20220817_HG001	20220817_HG001.C58	Human	HG001	7	13		284506	135726	1820.0	2093.372728880244	1035.955295635979	0.002554	0.3980582524271845	0.4091719424892189	0.06812076068378113	0.2869211417212784	0.1868805191540347	0.08851675870521504
20220817_HG001	20220817_HG001.C59	Human	HG001	7	15		251129	119513	1950.0	2228.721586772987	1095.62985350107	0.003169	0.3989769820971867	0.4105188700511465	0.06851612031297599	0.3164102156660222	0.1746674459673556	0.08292519436099276
20220817_HG001	20220817_HG001.C60	Human	HG001	7	18		292708	145509	1661.0	1865.43975286752	824.5201829080454	0.003953	0.3971014492753624	0.4083250052202523	0.06871766111374412	0.2397028201612142	0.1742728820023212	0.08413960102244426
20220817_HG001	20220817_HG001.C61	Human	HG001	8	6		170893	84310	2099.0	2356.636128573123	1111.359636565982	0.00946	0.3963170536429143	0.4078412718434166	0.06691819293773643	0.2992573668457502	0.1340925505777871	0.06162215172559481
20220817_HG001	20220817_HG001.C62	Human	HG001	8	9		216666	88740	2199.0	2524.97738336714	1296.09808369076	0.008018	0.3992965992677376	0.4111866425817268	0.06830874637639991	0.3417025631262048	0.1681306602104818	0.06905870118005454
20220817_HG001	20220817_HG001.C66	Human	HG001	8	15		312085	135723	1772.0	2003.275922282885	928.0873133879998	0.0026	0.3964992389649924	0.4081291765650979	0.06887979416795321	0.2343232269806947	0.197525095779758	0.0838937555873753
20220915_P1	20220915_P1.C01	Human	HG001	19	9		345656	104729	1925.0	2208.120845229116	1053.626540654462	0.006339	0.3958677685950413	0.4073805260241451	0.06821001389755478	0.2664530837291982	0.2422472863650887	0.07195495982071344
20220915_P1	20220915_P1.C02	Human	HG001	19	11		303941	103721	2193.0	2468.975858312203	1122.85510871154	0.00313	0.3939393939393939	0.4052982679936099	0.06573386368432894	0.2941500316049181	0.260650995231021	0.07907096857529942
20220915_P1	20220915_P1.C04	Human	HG001	19	13		360493	131186	2105.0	2428.817343314073	1207.352650231279	0.00674	0.3939393939393939	0.4054474816134254	0.06648996832678564	0.3234456476502125	0.2718766946795376	0.09748340126270028
20220915_P1	20220915_P1.C05	Human	HG001	19	14		411422	122900	1863.0	2133.962986167616	1004.565895544763	0.005917	0.3942238267148014	0.4056340680366373	0.06808147738855752	0.2657091561938958	0.2796630655140224	0.08093314393730608
20220915_P1	20220915_P1.C06	Human	HG001	19	15		297235	120645	2139.0	2452.911633304323	1193.351510904929	0.004917	0.3960857409133271	0.4077865437436141	0.06742073995028608	0.2569461433614091	0.2297552957608487	0.09212464792566463
20220915_P1	20220915_P1.C07	Human	HG001	19	16		280094	82175	2420.0	2763.919062975357	1377.183751174399	0.008638	0.4005880191106211	0.4125682304057633	0.06910796851024628	0.4553613725113629	0.2395988053323889	0.07054878317382679
20220915_P1	20220915_P1.C08	Human	HG001	19	18		393143	100812	1830.0	2116.895508471214	1018.147445276878	0.008767	0.3945393106809382	0.406091028915235	0.06802245062843075	0.3071677003017097	0.2632801409696088	0.06579863890590316
20220915_P1	20220915_P1.C10	Human	HG001	20	11		347410	120734	1928.0	2263.832714893899	1148.843880459386	0.023978	0.3950499587080615	0.4068210653765555	0.06724057667740531	0.2935567123047986	0.248347098788075	0.08450998239158497
20220915_P1	20220915_P1.C12	Human	HG001	20	13		403141	126321	1832.0	2104.885980953285	991.8528564157297	0.020184	0.3947368421052632	0.4060499839466409	0.06719770549184	0.274553235594042	0.2707280138963349	0.08214087338490111
20220915_P1	20220915_P1.C13	Human	HG001	20	14		439638	126904	1805.0	2079.954296160877	988.8903773073152	0.021526	0.3941688794070811	0.4055822061389406	0.0678417157967743	0.2691801695282186	0.290885364616513	0.08114972260525989
20220915_P1	20220915_P1.C15	Human	HG001	20	16		369778	123810	1930.0	2238.442403683063	1102.733797246141	0.009055	0.3939670932358318	0.4052486307542329	0.06731063585373069	0.2835617488479851	0.2631369069584792	0.08567854699034834
20220915_P1	20220915_P1.C16	Human	HG001	20	18		381766	121839	1793.0	2077.834453664262	996.1756269112816	0.008520999999999999	0.3945720250521921	0.4056248872616448	0.06796163681298684	0.2723778286824934	0.2521584178138741	0.07822716589156642
20220915_P1	20220915_P1.C17	Human	HG001	21	9		329579	152447	1817.0	2135.592605954856	1062.402177532355	0.033731	0.3946629213483146	0.406118242908883	0.06759492933414142	0.2579311777331579	0.2251233142129794	0.100986490886456
20220915_P1	20220915_P1.C18	Human	HG001	21	11		242115	105915	2122.0	2482.901628664495	1264.177701725737	0.028867	0.3970867637745408	0.409220300645499	0.0680962462533524	0.4414316044889293	0.1976422762394628	0.08051725998355838
20220915_P1	20220915_P1.C20	Human	HG001	21	13		354638	150125	1762.0	2082.832446294755	1049.957611899978	0.046685	0.3946412352406903	0.4058662325920061	0.06738777992928441	0.2647927329996063	0.2370804550134079	0.09683096334722567
20220915_P1	20220915_P1.C22	Human	HG001	21	15		342615	143668	1790.0	2103.159165576189	1051.638147509291	0.041495	0.3965275176052567	0.4081318892420975	0.06869187645269012	0.3197819417775718	0.2296257041772794	0.09346071921836012
20220915_P1	20220915_P1.C28	Human	HG001	22	13		325999	112887	2093.0	2461.172305048411	1255.609985443775	0.029239	0.3959314371821435	0.4073074184637416	0.06721949601489689	0.342512506428538	0.2707138198168926	0.08581199770230939
20220915_P1	20220915_P1.C30	Human	HG001	22	15		333969	104868	2063.0	2347.200003814319	1044.219903196561	0.011251	0.392066613254859	0.4032647090309504	0.06557266912287417	0.2979463130659767	0.2751639423306017	0.07570409592290991
20220915_P1	20220915_P1.C33	Human	HG001	23	9		246516	81999	2324.0	2680.99023158819	1350.264276024217	0.006009	0.3967889908256881	0.4086502239981093	0.06739878269687155	0.4020385489871848	0.2057808660179207	0.06822429570873806
20220915_P1	20220915_P1.C34	Human	HG001	23	11		379135	142237	1811.0	2086.512081947735	983.7545429474527	0.026208	0.3938231344715135	0.4051499977147658	0.06767918000114781	0.2562174065064238	0.254941494601407	0.0916419299203418
20220915_P1	20220915_P1.C36	Human	HG001	23	13		399028	122432	1891.0	2168.196941975954	1028.591306198594	0.007434000000000001	0.3939269502493255	0.4052421624042241	0.06635598234762785	0.2761332019976843	0.2758786623000612	0.08151882988811858
20220915_P1	20220915_P1.C37	Human	HG001	23	14		364787	119817	1997.0	2342.760935426525	1195.177806479856	0.011481	0.3944206008583691	0.4059227669634821	0.06709158404388524	0.3093574558701888	0.269593990496677	0.08693025554509602
20220915_P1	20220915_P1.C38	Human	HG001	23	15		245884	98527	2232.0	2614.80857023963	1359.132287047497	0.010959	0.3962732919254657	0.4075314680413257	0.0665579058426061	0.4768879261103388	0.2006227261398995	0.07946295410691613
20220915_P1	20220915_P1.C39	Human	HG001	23	16		233472	95651	2258.0	2585.385463821602	1243.027576049119	0.008161	0.3944246737841044	0.4060019563570592	0.06558559165786733	0.3182878777873165	0.2096424538866731	0.07720477165020438
20220915_P1	20220915_P1.C41	Human	HG001	26	9		248573	105289	1939.0	2262.942662576338	1121.536010339878	0.0072	0.394640042038886	0.4062523496727123	0.06726174669275166	0.3314505853908123	0.1843093716456126	0.07446038040740904
20220915_P1	20220915_P1.C42	Human	HG001	26	11		319199	137868	2109.0	2438.878898656686	1214.722745625536	0.013755	0.3941335654433447	0.4054760695082534	0.06618308715121833	0.2744896865381376	0.2473437827974826	0.1040286384933608
20220915_P1	20220915_P1.C43	Human	HG001	26	12		285729	120883	2117.0	2419.242424493105	1147.480998398023	0.005715	0.3944664031620553	0.4055463473611721	0.06553622450448232	0.2767556044800895	0.2367934120349311	0.09055984040623404
20220915_P1	20220915_P1.C45	Human	HG001	26	14		331020	126483	2001.0	2345.252271056189	1191.450838858687	0.008475	0.3950354609929078	0.4063845263655297	0.06673397420406853	0.3248244361498702	0.2459859727336868	0.09204243962135893
20220915_P1	20220915_P1.C46	Human	HG001	26	15		168258	89236	2349.0	2700.315803039132	1343.852878190313	0.013176	0.3968386387060281	0.4084462242446189	0.06688291250069522	0.4662522307446846	0.1446463460341778	0.07598878098959141
20220915_P1	20220915_P1.C47	Human	HG001	26	16		240092	107361	2034.0	2320.220340719628	1088.769874116361	0.005002	0.3942757009345794	0.4055989713786033	0.066176080055647	0.281881105493103	0.1900361585269449	0.0778357062727148
20220915_P1	20220915_P1.C50	Human	HG001	27	11		257586	101604	2053.0	2369.29192748317	1165.628402972988	0.008943000000000001	0.3954293628808864	0.40683704922841	0.06595981397094168	0.3065427183858933	0.1976353360692238	0.07500591959686621
20220915_P1	20220915_P1.C51	Human	HG001	27	12		202680	92301	2194.0	2481.367547480525	1147.202253583799	0.042351	0.3952476572958501	0.4068477569735107	0.06662656026822063	0.347615235045179	0.1747228949814796	0.07101311684105606
20220915_P1	20220915_P1.C52	Human	HG001	27	13		385115	118438	1888.0	2169.8721018592	1033.321287900702	0.006714	0.3942986485467757	0.4054559178066861	0.06749933066755898	0.2734786679149391	0.278602933205682	0.07945122959138384
20220915_P1	20220915_P1.C53	Human	HG001	27	14		313092	83816	1974.0	2318.907690655722	1188.128649717327	0.005209	0.3939393939393939	0.4055641940732845	0.06763527513722797	0.3660343955488113	0.2343610091487109	0.05996372929920139
20220915_P1	20220915_P1.C54	Human	HG001	27	15		375482	105478	1818.0	2092.963347807125	987.4590460300776	0.014773	0.3932753509881427	0.4048036129373044	0.06789069556675563	0.3066975197339424	0.2492799170768578	0.06824618161019534
20220915_P1	20220915_P1.C57	Human	HG001	28	9		283594	104403	1960.0	2301.729279809967	1176.392635455318	0.009146	0.3940594059405941	0.4052195446544467	0.06679847709987835	0.3064784471893118	0.2066246728755645	0.0750876412927339
20220915_P1	20220915_P1.C58	Human	HG001	28	11		401646	116811	1909.0	2182.714821378124	1029.09438757918	0.006423999999999999	0.393843368039837	0.4051692399362166	0.0669079341965069	0.2936077319540938	0.2784186112163039	0.0784346353469513
20220915_P1	20220915_P1.C59	Human	HG001	28	12		394984	115293	1883.0	2175.029368652043	1052.096826470639	0.014221	0.3935821872953504	0.4052512146685378	0.06803459624545335	0.3239974828771808	0.273105082203153	0.077527678609695
20220915_P1	20220915_P1.C60	Human	HG001	28	13		371050	116703	1927.0	2217.977652673881	1070.578129816065	0.011696	0.3944405348346235	0.4054708745207111	0.06708172646592027	0.2744277293602864	0.2608824504128384	0.08015682678306423
20220915_P1	20220915_P1.C62	Human	HG001	28	15		350175	110376	1906.0	2206.36476226716	1076.385583901553	0.024436	0.3951833607006021	0.4064075060839981	0.06728048003978769	0.3234607584280412	0.24387817106693	0.07565729977377035
20220915_P1	20220915_P1.C63	Human	HG001	28	18		327478	98118	1839.0	2083.748241912799	943.5224345563906	0.023862	0.3931829529869517	0.4043965041201704	0.06722025666197462	0.2966663443667343	0.2200169812640537	0.06346447248941665
20220915_P1	20220915_P1.C64	Human	HG001	29	9		256341	105056	2120.0	2484.080718854706	1281.086356055116	0.017571	0.3949733392973787	0.4060220739883594	0.06620596326288007	0.3822651712397356	0.2018464740137971	0.08153313527184979
20220915_P1	20220915_P1.C65	Human	HG001	29	11		350787	103759	1842.0	2138.501122794167	1045.61722276922	0.006234	0.3940944881889764	0.4059693899351829	0.0680278221725036	0.3027291755573168	0.2454884356057743	0.06866569199680582
20220915_P1	20220915_P1.C66	Human	HG001	29	12		257365	101892	2117.0	2416.638372001727	1144.129366678146	0.003768	0.3929101166063637	0.4039200962210818	0.0656865864493186	0.3670695647663018	0.2154899182693372	0.07646668821485236
20220915_P1	20220915_P1.C68	Human	HG001	29	14		270251	87333	2107.0	2460.167851785694	1260.474781229168	0.007068	0.3939835031538088	0.4049676135168722	0.0661506888012565	0.3758166783191494	0.2110357578447223	0.06708706187599715
20220915_P1	20220915_P1.C70	Human	HG001	29	16		240392	90789	2085.0	2399.66286664684	1161.379767309806	0.011045	0.3940594059405941	0.4053188896112246	0.0664852283927754	0.3379062380004887	0.1996722904691388	0.06757232144519193
20220915_P1	20220915_P1.C72	Human	HG001	30	11		234076	86473	2487.0	2876.375805164617	1476.457594035411	0.030374	0.399077868852459	0.4108208142655436	0.06772256128466493	0.5152872086621398	0.2199721277225815	0.07681908976742448
20220915_P1	20220915_P1.C74	Human	HG001	30	13		343021	141524	1890.0	2217.889721884627	1112.120332351794	0.027409	0.394914585228012	0.4062449331177025	0.06683671148446066	0.2655877088305489	0.2470387746111252	0.09733098708251743
20220915_P1	20220915_P1.C75	Human	HG001	30	14		295531	135037	1973.0	2304.109444078289	1151.596129998131	0.03092	0.3939766441303012	0.4049594340764293	0.06635488186787858	0.298775625087958	0.2254901686274655	0.0960411397653514
20220915_P1	20220915_P1.C76	Human	HG001	30	15		249287	111064	2385.0	2734.914679824245	1369.173428322112	0.018895	0.3995457975962688	0.4109391468971824	0.06693384162720291	0.4409287608766461	0.2200255958681889	0.09663018397525563
20220915_P1	20220915_P1.C78	Human	HG001	30	18		306072	140764	1908.0	2257.376871927481	1155.996564691369	0.032589	0.394538066111766	0.4056126944664057	0.06683687101399713	0.309608194276894	0.2250931726637187	0.09861180031750952
20220915_P1	20220915_P1.C87	Human	HG001	8	9		359812	90778	1783.0	2067.826841305162	998.936939959047	0.009077	0.3941666469360001	0.4057718608739654	0.06849673140617504	0.4045224395857307	0.2432876305099917	0.05842721254740262
20220915_P1	20220915_P1.C88	Human	HG001	8	11		378297	143240	1892.0	2187.48332169785	1056.018919014938	0.008669	0.3952047328745793	0.4063553383311896	0.06746577739528015	0.2583940852566323	0.2752791947913271	0.0966751780383927
20220915_P1	20220915_P1.C89	Human	HG001	8	12		310985	126820	2017.0	2353.544283236083	1182.069676223568	0.024224	0.3963963963963964	0.4074009527521862	0.06719825397330997	0.3279335375599361	0.2351579186398775	0.09282203329560533
20220915_P1	20220915_P1.C90	Human	HG001	8	13		403178	148950	1810.5	2100.077589795233	1011.460255920674	0.013522	0.395251687495201	0.4062070880780036	0.06754798919403054	0.2512192532295169	0.2749001191659195	0.09662030502396374
20220915_P1	20220915_P1.C91	Human	HG001	8	14		392951	136984	1823.0	2107.420990772645	1011.531722381752	0.016113	0.3950666086810681	0.4063205358015026	0.06777707865400627	0.2693076181292189	0.266125308854706	0.0891563649753087
20220915_P1	20220915_P1.C93	Human	HG001	8	16		306439	110184	2028.5	2392.544325854933	1239.394669734885	0.017454	0.3956124403501953	0.406459842730083	0.06661644883094964	0.3358332213025024	0.232519519340971	0.08136983031482374
20220915_P1	20220915_P1.C94	Human	HG001	8	18		285395	107671	1941.0	2271.593075201308	1144.866313476175	0.006963	0.3956880152187697	0.4065398890095735	0.06654728221369077	0.3391994985848733	0.2062635829797658	0.07630427821387427
20220916_P1	20220916_P1.C04	Human	HG001	19	13		238999	86419	2599.0	2906.637070551615	1387.615918315485	0.032448	0.4014648661020829	0.4130274399834597	0.06765631502723901	0.4691625163193269	0.2225447260128441	0.07870491624734521
20220916_P1	20220916_P1.C07	Human	HG001	19	16		323745	148572	2167.0	2462.688353121719	1158.817886110881	0.020535	0.3943972455980638	0.4052794284791592	0.06540660253163247	0.2972671698273965	0.2627723259340939	0.1130137679975809
20220916_P1	20220916_P1.C16	Human	HG001	20	18		286304	122828	2197.0	2521.395520565344	1231.142027236707	0.034738	0.3958447238928376	0.407347036376652	0.06714877688171045	0.3231076311551246	0.2332098657581163	0.09644513502974067
20220916_P1	20220916_P1.C17	Human	HG001	21	9		180744	97463	2263.0	2571.922739911556	1228.173986989179	0.012255	0.3948763250883392	0.4059283081783772	0.0652515030239095	0.2961475161332236	0.152260261655611	0.07880364906464213
20220916_P1	20220916_P1.C18	Human	HG001	21	11		229347	103308	2641.0	2929.262670848337	1319.128676892346	0.013551	0.3968253968253968	0.4084491830297997	0.06555381220948027	0.3442802352339555	0.2249409167443217	0.0941213543468865
20220916_P1	20220916_P1.C19	Human	HG001	21	12		386959	133719	2156.0	2472.917506113567	1207.756823428251	0.010809	0.3947470065662418	0.4060614803543224	0.06620407884098775	0.3148542605335466	0.305510357917647	0.1010234042582187
20220916_P1	20220916_P1.C20	Human	HG001	21	13		446326	166145	2001.0	2306.287580125793	1114.860379960482	0.036574	0.3947858472998138	0.405512038768304	0.06585827865591287	0.2748259273325737	0.3370148521959634	0.1177008921249538
20220916_P1	20220916_P1.C21	Human	HG001	21	14		377477	126336	2156.0	2502.695162107397	1252.378862696964	0.036101	0.3951889732722723	0.4064388433659293	0.0665923010408438	0.3771528525296017	0.3020922679010672	0.09649601395932757
20220916_P1	20220916_P1.C24	Human	HG001	21	18		245122	101585	2179.0	2485.956765270463	1202.788855371559	0.022458	0.3950159066808059	0.4060281158159687	0.06633979851333452	0.3627568281211321	0.1982336696655147	0.07915579531300157
20220916_P1	20220916_P1.C26	Human	HG001	22	11		424144	120607	1935.0	2209.893273193098	1034.576072828775	0.015378	0.393686165273909	0.4046548321006525	0.0663441661001397	0.3863076164653685	0.3003666938580494	0.08143028454368936
20220916_P1	20220916_P1.C27	Human	HG001	22	12		300431	96217	2338.0	2644.315921302888	1274.962459054826	0.027888	0.3984375	0.4103086151818449	0.06745415634424119	0.4041625371655104	0.2460167219347997	0.07856552988635253
20220916_P1	20220916_P1.C30	Human	HG001	22	15		290440	123088	2436.0	2753.376251137397	1310.937491510462	0.044139	0.3979012572789763	0.4091187422304704	0.06598071069335948	0.3827533652904665	0.2667604709532394	0.1052684009674761
20220916_P1	20220916_P1.C31	Human	HG001	22	16		281625	99075	2538.0	2849.551905122382	1374.605928853775	0.034935	0.3995373430270985	0.4109174286530151	0.06675965026966615	0.4570608580469498	0.2549709672814566	0.08857596354343772
20220916_P1	20220916_P1.C33	Human	HG001	23	11		319557	122445	2174.0	2504.443358242476	1239.411726306239	0.045928	0.3953417100827459	0.4065072342288325	0.06628459215438745	0.3502135922330097	0.2619595844513087	0.0946835345710123
20220916_P1	20220916_P1.C35	Human	HG001	23	13		390119	131630	2062.0	2389.930593329788	1189.372948096053	0.036814	0.3963835265934956	0.4076157292520755	0.06669875879769302	0.3379673010436525	0.295192680597127	0.09613605658466848
20220916_P1	20220916_P1.C39	Human	HG001	26	9		189463	99712	2698.0	2973.161364730423	1354.88147747775	0.031614	0.3995476203067754	0.4107710478187569	0.06590724717138527	0.3177093216943935	0.183598872195658	0.0931491239050551
20220916_P1	20220916_P1.C44	Human	HG001	26	15		382991	170744	2312.0	2604.083358712458	1218.773066005459	0.018936	0.3954022988505747	0.4065274731235758	0.06586085393007023	0.2859924336713946	0.3194438896717913	0.1373581241533687
20220916_P1	20220916_P1.C45	Human	HG001	26	16		137476	90826	2722.0	2935.652159073393	1184.404078384305	0.017959	0.3933380367649711	0.4039673081033878	0.06280463900660381	0.3068238631739277	0.1343548335693716	0.08417963126212216
20220916_P1	20220916_P1.C60	Human	HG001	28	16		359945	116026	1969.0	2265.369572337235	1076.41041845277	0.01906	0.3951791674719198	0.4063659208842694	0.0665434901109299	0.2999789359928932	0.2846016204648117	0.08065600982314887
20220916_P1	20220916_P1.C61	Human	HG001	28	18		379632	99190	2157.0	2467.534811977014	1165.062180450426	0.024541	0.3956472401534465	0.4069826029880856	0.06670072239045972	0.4310781972997528	0.2949329374302849	0.07609127102229063
20220916_P1	20220916_P1.C62	Human	HG001	29	11		481000	144653	2049.0	2368.87537762784	1167.84737001643	0.025608	0.3955346650998825	0.4068053516871134	0.06625637920980124	0.3252761875516367	0.3581360928406493	0.1047181995196175
20220916_P1	20220916_P1.C64	Human	HG001	29	13		378218	136197	2097.0	2399.047416609764	1154.363775609226	0.018848	0.3966804979253112	0.4079116615180697	0.06654533634207825	0.3680642750949413	0.2900680756578744	0.1013234458385097
20220916_P1	20220916_P1.C66	Human	HG001	29	15		371624	123997	2074.0	2366.451285111737	1125.378673733458	0.039348	0.3949104618284637	0.4063055054523344	0.0663756518436293	0.3715422058648937	0.2829341796084099	0.090718113365924
20220916_P1	20220916_P1.C67	Human	HG001	29	16		195255	87029	2772.0	3045.852428500845	1341.201428420103	0.012008	0.397544128933231	0.4089253054074225	0.06526361664642759	0.4151120425993395	0.1972630214837152	0.08235981622551641
20220916_P1	20220916_P1.C68	Human	HG001	29	18		309626	117732	2324.0	2605.163167193286	1164.155408972496	0.009064000000000001	0.3938672891174978	0.4048511765800131	0.06494064405972699	0.3000736009013839	0.279020856114872	0.09363314486620992
20220916_P1	20220916_P1.C78	Human	HG001	7	11		251974	109730	2360.0	2656.761341474528	1213.331110431738	0.045033	0.3948948948948949	0.4061468854395696	0.06530334926728464	0.3308659325427383	0.2272222282322673	0.09021875084767346
20220916_P1	20220916_P1.C84	Human	HG001	7	18		310562	130764	2173.0	2507.803929215992	1240.996041055699	0.024165	0.3956815105971029	0.4070495083089982	0.06679219198137311	0.3932210522908085	0.2514818919111515	0.1013879845869522
20220916_P2	20220916_P2.C05	Human	HG001	19	14		454566	184044	1870.0	2136.303356805981	973.1966487480393	0.037303	0.3943089430894309	0.4056454338721654	0.06710729718803625	0.2194305049751957	0.3089465122724899	0.1204621494457769
20220916_P2	20220916_P2.C07	Human	HG001	19	18		338015	157065	2056.0	2327.859605895648	1058.98986346189	0.018568	0.3949969116738728	0.4062169794957217	0.06644156393207719	0.2340355297462257	0.2508355336446323	0.1128049597602961
20220916_P2	20220916_P2.C08	Human	HG001	20	9		337895	119950	1912.0	2169.915673197166	978.6852532917352	0.014089	0.3951317563854059	0.4067012169745962	0.06755731021986855	0.2954856599726192	0.2362312453760155	0.08133633746298935
20220916_P2	20220916_P2.C09	Human	HG001	20	11		371932	125203	2059.0	2384.922893221408	1168.356361931248	0.023967	0.3959424083769634	0.407282337993698	0.06691232216782557	0.2718113430817344	0.2774362266928915	0.0915718617835222
20220916_P2	20220916_P2.C11	Human	HG001	20	13		376338	139852	1927.0	2200.522080485084	1010.101563938346	0.023991	0.3946068261329428	0.4058477743992061	0.06699902262245988	0.2479741535124713	0.2611756843445595	0.09504684916128542
20220916_P2	20220916_P2.C15	Human	HG001	21	9		326383	111131	2313.0	2630.58464334884	1256.950039239495	0.016006	0.4028436018957346	0.4139998902215532	0.06724311038281003	0.3713209123093423	0.2648184914595673	0.09064463201352002
20220916_P2	20220916_P2.C21	Human	HG001	21	18		400985	148697	2013.0	2293.653133553468	1066.895143313647	0.008676	0.3936	0.4046578242532181	0.06569907282364193	0.312608547105885	0.2895481075853149	0.1047995201722192
20220916_P2	20220916_P2.C28	Human	HG001	23	9		373397	174266	1923.0	2223.768675473127	1057.562462681861	0.04692	0.3946360153256705	0.4059181104305084	0.0670043472854159	0.2372828915838071	0.2619563458443275	0.1194440953760302
20220916_P2	20220916_P2.C29	Human	HG001	23	11		439123	163939	1954.0	2259.059503839843	1084.573585591097	0.02742	0.3951074870274277	0.4060439698169352	0.06628748639267783	0.2541435396839706	0.3101900166576677	0.1133659285068024
20220916_P2	20220916_P2.C30	Human	HG001	23	12		478256	209272	1959.0	2251.346085477273	1055.635022310657	0.029608	0.3947444889775332	0.4059784858801522	0.06653549459296777	0.2266941012315221	0.3428669777935512	0.1437103221818747
20220916_P2	20220916_P2.C31	Human	HG001	23	13		420300	165657	2017.0	2328.395835974332	1114.115923552234	0.008411	0.3951406649616369	0.4063295909528636	0.06606490772620488	0.2724382209673522	0.3060587158882206	0.1188387913486468
20220916_P2	20220916_P2.C32	Human	HG001	23	14		412287	151901	1999.0	2317.627039979987	1123.613090908088	0.035889	0.3947163947163947	0.4059617453139265	0.06624026494192066	0.2534640668213973	0.3019443396315531	0.1082499329542964
20220916_P2	20220916_P2.C35	Human	HG001	23	18		400676	185087	2138.0	2385.027900392788	1032.885029987083	0.010742	0.3934053439454235	0.4044654061103743	0.06521390125053944	0.2246916260548132	0.3197532091602142	0.1352215193714252
20220916_P2	20220916_P2.C36	Human	HG001	26	9		256704	135096	2063.0	2357.069550541837	1103.102018680841	0.048542	0.3955204436390222	0.4068305438835903	0.0659532270558054	0.2633533836948157	0.1933289046098808	0.09854090992025567
20220916_P2	20220916_P2.C43	Human	HG001	26	18		264164	102759	2284.0	2592.926381144231	1203.430265764889	0.010593	0.3953905603091361	0.4061102951029704	0.06494587915666429	0.3929525214843141	0.2307867880843508	0.08146710400245834
20220916_P2	20220916_P2.C46	Human	HG001	27	12		223041	92854	2359.0	2670.857593641631	1232.154293724989	0.046476	0.3956723338485317	0.4076568466025337	0.06650211363314784	0.3645447274447736	0.2086987197775821	0.07731228428894027
20220916_P2	20220916_P2.C49	Human	HG001	27	16		189242	87171	2608.0	2878.00302853013	1221.07307400348	0.035631	0.3953871499176277	0.4064654247302048	0.06437112054698	0.3098224309218865	0.1907332805926772	0.07843532230310937
20220916_P2	20220916_P2.C66	Human	HG001	30	12		457727	140084	2098.0	2356.337882984495	1007.550852317646	0.019352	0.3953708329544042	0.4062660970844915	0.06581527906694254	0.2402647021729615	0.3437179328213239	0.1028845897077059
20220916_P2	20220916_P2.C71	Human	HG001	30	18		423371	159341	1897.0	2170.151166366472	1001.602517895685	0.037506	0.3947175348495965	0.4062616691196006	0.06743948642717791	0.2768444022896257	0.2917726851902515	0.1062769270422668
20220916_P2	20220916_P2.C72	Human	HG001	7	9		323667	138599	2088.0	2384.008391113933	1116.239005936851	0.032472	0.3948584633160023	0.4063286151999495	0.06655648305509639	0.2514773073408468	0.2538432840523553	0.1024634205393648
20220916_P2	20220916_P2.C74	Human	HG001	7	12		366666	126047	2005.0	2326.198013439431	1132.42257165982	0.04448999999999999	0.3950953678474114	0.4065833039383955	0.06691955437814984	0.3071300579239071	0.2658795382022062	0.09098874765743516
20220916_P2	20220916_P2.C76	Human	HG001	7	14		378322	138324	2058.0	2377.463773459414	1160.542424068972	0.035687	0.395696633429078	0.4073186848057625	0.06710493030738064	0.3149064759208966	0.2836080189038592	0.1006602489722091
20220916_P2	20220916_P2.C77	Human	HG001	7	16		368717	119425	1963.0	2243.378806782499	1040.633495116782	0.015321	0.3927765237020316	0.4040257884125986	0.06618396442953657	0.2796699772936058	0.2715111783512997	0.08443698521283774
20220916_P2	20220916_P2.C79	Human	HG001	8	9		292873	105706	2344.0	2680.23340207746	1310.83221561424	0.017244	0.3958382113431209	0.4074575882514169	0.0658150788110969	0.4197561632091553	0.2488396717447025	0.08760851014255568
20220916_P2	20220916_P2.C82	Human	HG001	8	13		336593	143060	2236.0	2579.454291905494	1272.804537904613	0.044574	0.3988383338581261	0.4102075662252446	0.06696475651259448	0.3147331565608473	0.2735206969396519	0.114083260996618
