Run,Cell,Species,CellLine,Strain,Barcode.1st,Barcode.2nd,Remark,TotalReads,UniqReads,Length.Median,Length.Mean,Length.Std,Background,GC.Median,GC.Mean,GC.Std,Spikiness,GenomicDepth,GenomicCoverage
20220418_S5CSTreat,20220418_S5CSTreat.sc013,Human,HG001,HG001,10,5,,459703,106642,2523.0,2966.71601245288,1863.165075554079,0.006142,0.3956194920415763,0.4066776049056656,0.0659694224255052,0.3379463659850594,0.4021738695274332,0.0941545452858372
20220418_S5CSTreat,20220418_S5CSTreat.sc018,Human,HG001,HG001,11,2,,442132,158153,2423.0,2852.336206078924,1791.871668515236,0.017091,0.3948362720403023,0.4054054750492129,0.0652702957788499,0.2788110794885156,0.3836794737529882,0.1364970571309493
20220418_S5CSTreat,20220418_S5CSTreat.sc021,Human,HG001,HG001,11,5,,423129,138369,2610.0,3109.545743627546,2027.50997216071,0.042413,0.3951734539969834,0.4058585256930324,0.0650524010396647,0.3497863607822718,0.3992332992580586,0.1294336160007083
20220418_S5CSTreat,20220418_S5CSTreat.sc023,Human,HG001,HG001,11,7,,231405,116347,2966.0,3384.957850223899,1849.794626265862,0.018163,0.3949191685912241,0.4057584713292414,0.0632843303967181,0.2312558426588976,0.2623638207590486,0.1213568665373388
20220418_S5CSTreat,20220418_S5CSTreat.sc025,Human,HG001,HG001,12,1,,154408,102840,2428.0,2767.02238428627,1549.022753369288,0.031618,0.395041348969474,0.4059213227657441,0.0652911124217362,0.2777053990008309,0.1424994469968145,0.0894566197728781
20220418_S5CSTreat,20220418_S5CSTreat.sc026,Human,HG001,HG001,12,2,,157294,81074,2474.0,2868.753361126872,1696.327069714636,0.026529,0.3945490501490209,0.4054659781345216,0.0651148916057335,0.3295162908247678,0.1489955409491432,0.0727594679165529
20220418_S5CSTreat,20220418_S5CSTreat.sc028,Human,HG001,HG001,12,4,,370335,138808,2457.0,2845.337098726298,1671.20864221257,0.010767,0.3950910530482977,0.4056494409257513,0.0652023964197461,0.2649270807908226,0.3534228306401571,0.1197556559067449
20220418_S5CSTreat,20220418_S5CSTreat.sc031,Human,HG001,HG001,12,7,,353700,153875,2299.0,2639.229173030057,1522.334514024764,0.015581,0.3941338221814849,0.4048276956031349,0.0654158827683295,0.2219227868065556,0.3019724422253715,0.1245447431105742
20220418_S5CSTreat,20220418_S5CSTreat.sc034,Human,HG001,HG001,13,2,,143050,94742,2357.0,2668.941525405839,1471.947886964363,0.007453,0.3946574544755475,0.4054154805993119,0.0654602694955503,0.2796723522324044,0.1262897164476701,0.0805326060623908
20220418_S5CSTreat,20220418_S5CSTreat.sc036,Human,HG001,HG001,13,4,,480486,182977,2139.0,2448.245998130913,1405.181288336296,0.010483,0.394396551724138,0.4051428433946711,0.0661123109257178,0.2198595903273337,0.3683954968007144,0.1361607261785651
20220418_S5CSTreat,20220418_S5CSTreat.sc038,Human,HG001,HG001,13,6,,321925,158198,2032.0,2327.107858506429,1327.874939640177,0.004511,0.3954203934947923,0.4058763142892854,0.0669124446945724,0.2348903666907032,0.2414902902440968,0.1139180690840692
20220418_S5CSTreat,20220418_S5CSTreat.sc043,Human,HG001,HG001,14,3,,435520,171211,2334.0,2728.143921827453,1643.840159489381,0.032684,0.3960342979635584,0.406847943341933,0.0658831384063796,0.2278019616656302,0.3973614404229174,0.1415980558218292
20220418_S5CSTreat,20220418_S5CSTreat.sc044,Human,HG001,HG001,14,4,,478258,214347,2252.0,2622.386588102469,1576.826306326605,0.044381,0.3966639544344996,0.4079649811549642,0.0668869581102735,0.2374423177830413,0.4198953109284649,0.1700416452857794
20220418_S5CSTreat,20220418_S5CSTreat.sc045,Human,HG001,HG001,14,5,,425462,172034,2152.0,2524.191334271132,1564.079097022415,0.043981,0.3961352657004831,0.4069613746103353,0.0667387233978227,0.2373456012873981,0.345085366532199,0.1320338511459055
20220418_S5CSTreat,20220418_S5CSTreat.sc046,Human,HG001,HG001,14,6,,388863,177014,2129.0,2474.543488085688,1486.939573388019,0.010889,0.3955321944809461,0.4063327285514434,0.066806145803711,0.234294452508527,0.3114181937466119,0.1343236273250223
20220418_S5CSTreat,20220418_S5CSTreat.sc049,Human,HG001,HG001,15,1,,258571,141082,2224.0,2544.081952339774,1454.980470236769,0.020985,0.3943992633500095,0.4051685524890715,0.0660534579393799,0.2512514439738159,0.2180567743017703,0.1124730368055784
20220418_S5CSTreat,20220418_S5CSTreat.sc050,Human,HG001,HG001,15,2,,466698,177920,2254.0,2608.801618705036,1556.708905494287,0.006846,0.3957548326154097,0.406268628276188,0.066382255333071,0.202749079681748,0.3733712259926936,0.1412357575788442
20220418_S5CSTreat,20220418_S5CSTreat.sc053,Human,HG001,HG001,15,5,,476882,117294,2199.0,2633.94200044333,1730.400401524741,0.013635,0.3987115901007413,0.4093677213408932,0.0678080434191563,0.368987071122474,0.3660994639292577,0.092663013553702
20220418_S5CSTreat,20220418_S5CSTreat.sc054,Human,HG001,HG001,15,6,,450673,126644,2156.0,2564.776057294463,1668.051274200015,0.018466,0.3950091013904811,0.4058562538249144,0.066908316360926,0.3635254068415809,0.3486626978557822,0.0995203605321778
20220418_S5CSTreat,20220418_S5CSTreat.sc055,Human,HG001,HG001,15,7,,550691,188297,2033.0,2338.520698683463,1371.871188880645,0.01593,0.3947368421052632,0.4050949634430799,0.066611297570375,0.2088894881128938,0.3970753466613296,0.1336180186550872
20220430_S5Merged,20220430_S5Merged.sc001,Human,HG001,HG001,9,1,,113902,84616,2458.0,2732.25414815165,1173.197326690199,0.003082,0.3949236613923898,0.4056762843309339,0.0648788864868903,0.2843880376360925,0.1027034235427441,0.0729142939215459
20220430_S5Merged,20220430_S5Merged.sc002,Human,HG001,HG001,9,2,,390004,152752,2422.0,2788.792906148528,1419.156627297865,0.005686,0.3957866373572497,0.4069856334550197,0.0658680518887381,0.2670099174124884,0.351599312301164,0.1280402435209563
20220430_S5Merged,20220430_S5Merged.sc003,Human,HG001,HG001,9,3,,573023,183263,2347.0,2762.773156610991,1522.623044433745,0.01429,0.4022208513263418,0.4132244256821974,0.0680292752895783,0.278859054655073,0.5089281524909051,0.1504130671552389
20220430_S5Merged,20220430_S5Merged.sc005,Human,HG001,HG001,9,5,,569287,159246,2483.0,2907.183326425781,1598.168065384827,0.006215,0.3966480446927375,0.4078765034909719,0.0660131212803623,0.3042884912392821,0.5264977946679501,0.1356875594725337
20220430_S5Merged,20220430_S5Merged.sc013,Human,HG001,HG001,10,5,,453758,98071,2759.0,3311.648988997767,2012.215879388719,0.03593,0.3982122905027933,0.409760938121395,0.065827722399042,0.4121267480046106,0.4543561465982417,0.0937292613370658
20220430_S5Merged,20220430_S5Merged.sc031,Human,HG001,HG001,12,7,,238546,117375,2426.0,2768.87684771033,1332.337142073161,0.003897,0.3966393122313404,0.4072725924237953,0.0651896074980457,0.398635654414166,0.2152462752678849,0.0990360901798507
20220430_S5Merged,20220430_S5Merged.sc037,Human,HG001,HG001,13,5,,382298,84962,2634.0,3069.767955085803,1689.376804594888,0.007433,0.3952647950626391,0.4067966993150355,0.065922625733643,0.3374301537546616,0.3702391605203471,0.0763505327980831
20220430_S5Merged,20220430_S5Merged.sc039,Human,HG001,HG001,13,7,,391916,183401,2478.0,2870.999640132824,1478.359916806504,0.016618,0.3966421825813222,0.4075344407508558,0.0653891171819207,0.2329834651329979,0.3631866946886437,0.1586286228059952
20220430_S5Merged,20220430_S5Merged.sc042,Human,HG001,HG001,14,2,,554515,182261,2417.0,2787.431842248205,1423.096414909915,0.006614,0.3960396039603961,0.4069732866231616,0.0654039746135503,0.243998492010556,0.5018077819994977,0.1489344098510707
20220430_S5Merged,20220430_S5Merged.sc044,Human,HG001,HG001,14,4,,517347,113366,2533.0,2989.698481026057,1715.836933722475,0.004072,0.39755788099898,0.4086586604393357,0.0664053990557366,0.4033400668385728,0.4944913712640462,0.0980590760883778
20220430_S5Merged,20220430_S5Merged.sc047,Human,HG001,HG001,14,7,,495685,184316,2529.0,2931.745160485253,1516.518621580325,0.00479,0.3971490684399311,0.4081570341054815,0.0655415212358662,0.2432872253864931,0.4724084914762699,0.1601625134722277
20220430_S5Merged,20220430_S5Merged.sc052,Human,HG001,HG001,15,4,,276191,80768,2600.0,3004.469270007924,1573.699109771586,0.007294,0.3974675909666977,0.4086015421702867,0.0658463410396887,0.4627274042698728,0.2685372814908722,0.0721616198852224
20220430_S5Merged,20220430_S5Merged.sc069,Human,HG001,HG001,17,5,,471945,159555,2491.0,2856.572636394973,1441.586752639099,0.007193,0.3980327868852459,0.4086724913731342,0.065470058662256,0.2481418656445849,0.4481307265895771,0.1375984930695978
20220430_S5Merged,20220430_S5Merged.sc070,Human,HG001,HG001,17,6,,254419,130569,2379.0,2727.50071609647,1335.726525566936,0.002963,0.3961144090663789,0.4070422307885461,0.0652995396669364,0.2948337007572127,0.23173216080127,0.11054843225923
20220430_S5Merged,20220430_S5Merged.sc081,Human,HG001,HG001,19,1,,165496,100824,2524.0,2835.112155835912,1297.073443116722,0.004114,0.3963076144897086,0.4073549742918551,0.0650274043115483,0.3026228437147644,0.1547394752996586,0.0883122875091124
20220430_S5Merged,20220430_S5Merged.sc082,Human,HG001,HG001,19,2,,276777,139221,2559.0,2922.781189619382,1431.505264607062,0.009054,0.3955739972337483,0.406266240838736,0.0647098223590209,0.2475364214240093,0.2656225466860814,0.1235122493962979
20220430_S5Merged,20220430_S5Merged.sc085,Human,HG001,HG001,19,5,,339825,86419,2592.0,3015.013480831762,1633.867264086272,0.0102,0.3972543972543973,0.4083355010770747,0.0656981581195455,0.4035425811593686,0.3356930890696064,0.0791218732440031
20220430_S5Merged,20220430_S5Merged.sc093,Human,HG001,HG001,20,5,,425333,176338,2464.0,2819.789404439202,1404.081703891245,0.003281,0.3962831558324124,0.4072315909477891,0.065504805405203,0.2185459059750635,0.3908018355476892,0.1482556922973343
20220430_S5Merged,20220430_S5Merged.sc095,Human,HG001,HG001,20,7,,328516,137672,2440.0,2808.431641873439,1415.986580114966,0.003751,0.3973016021500211,0.4084903718811027,0.0661754881015675,0.3135687931536,0.3056456249764726,0.1170110497075417
20220430_S5Merged,20220430_S5Merged.sc097,Human,HG001,HG001,9,21,,290588,104265,2651.0,3079.051014242555,1646.693757619511,0.007223,0.3955678670360111,0.4069664362512633,0.0654156235755204,0.3427786612693364,0.28164177646651,0.0951713656171066
20220430_S5Merged,20220430_S5Merged.sc098,Human,HG001,HG001,9,23,,559462,124656,2445.0,2815.93507733282,1489.243698894056,0.005733,0.3941637744255639,0.4051147260579243,0.0651352425288225,0.2765939476862527,0.5082530005004985,0.1028928057033564
20220430_S5Merged,20220430_S5Merged.sc101,Human,HG001,HG001,9,28,,336668,114053,2565.0,2975.188272119103,1569.715626501285,0.005306,0.3956009913258984,0.4068314565286132,0.0653250891342751,0.3275095268859489,0.3177318436216118,0.1010747847527574
20220430_S5Merged,20220430_S5Merged.sc103,Human,HG001,HG001,10,22,,548112,112001,2478.0,2870.636253247739,1526.533091920793,0.004768,0.3949860724233984,0.4058595946701418,0.0649408043982751,0.2791210455091747,0.5132984531338276,0.0924323336758219
20220430_S5Merged,20220430_S5Merged.sc106,Human,HG001,HG001,10,26,,347731,136134,2871.5,3314.689967238162,1746.881977049655,0.010345,0.3958009240892351,0.4069157749747716,0.0646498496405197,0.2419662791592886,0.369622598411967,0.1342170625118716
20220430_S5Merged,20220430_S5Merged.sc119,Human,HG001,HG001,12,26,,479067,151651,2758.0,3131.882064740753,1504.861290825157,0.006465,0.3944954128440367,0.4053585294895803,0.0637966441459672,0.2601164137854022,0.5276952225557813,0.1381804388484772
20220430_S5Merged,20220430_S5Merged.sc124,Human,HG001,HG001,13,23,,420046,117298,2460.0,2887.488320346468,1593.53666077911,0.006772,0.3958513396715644,0.4065315420453782,0.0655290398184767,0.3294034681662839,0.3872237894418756,0.1003312261898691
20220430_S5Merged,20220430_S5Merged.sc125,Human,HG001,HG001,13,24,,594696,141156,2313.0,2709.858404885375,1461.192634453156,0.012792,0.3952825340033237,0.4057888541667292,0.0650687189204196,0.3113208955223881,0.5404115977368863,0.1109764619456782
20220430_S5Merged,20220430_S5Merged.sc126,Human,HG001,HG001,13,26,,700636,126431,2193.0,2553.049924464728,1370.664920444199,0.019048,0.3938109368376431,0.4044994006875318,0.0655253842621382,0.3941468452261976,0.6079002767915752,0.0923888356118929
20220430_S5Merged,20220430_S5Merged.sc127,Human,HG001,HG001,13,27,,445082,80591,2389.0,2823.867255648893,1602.642509068553,0.013632,0.3946024799416484,0.4056236209315107,0.0652118116102772,0.3919081734444027,0.4242935211218299,0.0666552534089406
20220430_S5Merged,20220430_S5Merged.sc129,Human,HG001,HG001,13,29,,361328,123387,2347.0,2703.821488487442,1366.478023434563,0.003909,0.3955276030747729,0.4062582767978804,0.0655065634509579,0.2698418133260289,0.3204720449535818,0.1002747416980324
20220430_S5Merged,20220430_S5Merged.sc131,Human,HG001,HG001,14,22,,468890,103790,2664.0,3185.052856729935,1857.711697885861,0.01123,0.3967664823814113,0.4079896082829032,0.0654453210652836,0.3545020415228436,0.4980888538813094,0.0952298786296086
20220430_S5Merged,20220430_S5Merged.sc133,Human,HG001,HG001,14,26,,187487,110208,2538.0,2874.519817073171,1352.035110541851,0.004016,0.3937298580413795,0.4043355148845597,0.063703082814711,0.2527280371509928,0.1796229045613701,0.0983229743834549
20220430_S5Merged,20220430_S5Merged.sc136,Human,HG001,HG001,14,29,,209933,101269,2531.0,2880.996356239323,1382.085881612163,0.005024,0.3937864077669903,0.4044862270293337,0.0642584290334047,0.258416162376279,0.2002279677401854,0.089539550511584
20220430_S5Merged,20220430_S5Merged.sc144,Human,HG001,HG001,16,22,,201036,110714,2262.0,2572.932899181675,1199.223402371822,0.007525,0.3946099533793781,0.4050978970055611,0.0647302491529462,0.2600597333944026,0.1739841524160418,0.0880649185965891
20220430_S5Merged,20220430_S5Merged.sc145,Human,HG001,HG001,16,23,,409027,108778,2522.0,2967.109387927706,1592.338861718111,0.009835,0.3961160635289784,0.4071788444017665,0.0654003961800543,0.2859118578037497,0.4233350291075081,0.0943857117721553
20220430_S5Merged,20220430_S5Merged.sc147,Human,HG001,HG001,16,26,,207337,101159,2682.0,3005.669638885319,1359.097861069395,0.006198,0.3941908713692946,0.4051977973927235,0.0638422017308463,0.2809344953494942,0.2137150110350446,0.0927711387138528
20220430_S5Merged,20220430_S5Merged.sc153,Human,HG001,HG001,17,24,,277043,127134,2558.0,2953.049278713798,1488.960503617221,0.010136,0.3945663967854621,0.4054964049567339,0.0645300822745322,0.2855607723846052,0.2726907912920402,0.1145957608992181
20220430_S5Merged,20220430_S5Merged.sc154,Human,HG001,HG001,17,26,,501286,139094,2594.0,3009.894387967849,1598.5223388393,0.009189,0.3943119326965429,0.4049529085890668,0.0639753005407954,0.2537458221861808,0.4928266097105739,0.1223445714057608
20220430_S5Merged,20220430_S5Merged.sc155,Human,HG001,HG001,17,27,,358963,144725,2485.0,2875.851656590084,1479.639872784351,0.012695,0.394640042038886,0.405622730171712,0.0647687011820384,0.2888562621437232,0.337039908530525,0.1248717857200494
20220430_S5Merged,20220430_S5Merged.sc157,Human,HG001,HG001,17,29,,311053,122170,2561.0,2930.648146026029,1460.551959780224,0.011052,0.3935758513931889,0.4043444841538685,0.0639540839680739,0.2402914509451412,0.2977764072293246,0.1078965776630987
20220430_S5Merged,20220430_S5Merged.sc167,Human,HG001,HG001,19,23,,244370,104782,2560.0,2948.657507968926,1470.598517027009,0.005224,0.3937884753843663,0.4047929574804621,0.0643801198268805,0.2995156381139211,0.2365384984307497,0.0938650682216925
20220430_S5Merged,20220430_S5Merged.sc168,Human,HG001,HG001,19,24,,397086,129018,2749.0,3149.986063960068,1568.843556296266,0.007104,0.3948536347443122,0.4058283040754475,0.0641472348426274,0.2514177383482835,0.4247989250281865,0.1200736348688445
20220430_S5Merged,20220430_S5Merged.sc169,Human,HG001,HG001,19,26,,302331,150438,2644.0,3005.530344726731,1462.373684336076,0.005545,0.3947860975278967,0.4053135908830327,0.0636693994196424,0.2619483040099777,0.2979649911294899,0.1359604911541331
20220430_S5Merged,20220430_S5Merged.sc171,Human,HG001,HG001,19,28,,296093,83278,2530.0,2918.449362376618,1536.282992159446,0.006803,0.3941677913455666,0.40508522209228,0.0646483865872134,0.3123661670235546,0.2768198729322273,0.072085129838759
20220610_Treat,20220610_Treat.sc001,Human,HG001,HG001,9,17,,308236,137347,2166.0,2452.336257799588,1086.048901800337,0.003298,0.3935057787561915,0.404802825872565,0.0659528814822637,0.2497380746949341,0.259384656075323,0.1038987456925597
20220610_Treat,20220610_Treat.sc002,Human,HG001,HG001,9,18,,248181,125564,2006.0,2254.718350801185,936.1351706752224,0.004704,0.3935103836072524,0.4047912976049249,0.0660069140064835,0.2438135785744937,0.18833944394691,0.0883403688855508
20220610_Treat,20220610_Treat.sc003,Human,HG001,HG001,9,19,,454718,176043,2287.0,2636.251802116529,1286.411210580797,0.003237,0.3943194393212837,0.4053319853743734,0.0653580644971353,0.221686804756425,0.406514834185886,0.1410807385304751
20220610_Treat,20220610_Treat.sc004,Human,HG001,HG001,9,20,,444069,181770,1986.0,2292.588799031743,1094.074869145016,0.0062369999999999,0.3947694093453658,0.4059242015271258,0.0666185331765949,0.2281995510218325,0.3364772796109845,0.1276523272045767
20220610_Treat,20220610_Treat.sc007,Human,HG001,HG001,9,23,,340927,136259,1901.0,2123.069896300428,844.3385463888368,0.007466,0.3943488943488944,0.405481902647061,0.0668309407012369,0.2368672545744143,0.2412881741771823,0.0893953669357396
20220610_Treat,20220610_Treat.sc010,Human,HG001,HG001,10,20,,399187,112088,2113.0,2531.336235814717,1384.231526648065,0.004943,0.3963629473974302,0.4078084361475771,0.0669468028117755,0.3288608981380066,0.329593506211716,0.0862065314064901
20220610_Treat,20220610_Treat.sc012,Human,HG001,HG001,11,18,,396493,98695,2045.0,2502.984669942753,1492.727914061965,0.004966,0.398440038999025,0.4095275412641921,0.067262587507151,0.3820233178454655,0.3168139463684082,0.0748302647333346
20220610_Treat,20220610_Treat.sc013,Human,HG001,HG001,11,19,,151467,82388,2579.0,2956.173362625625,1452.811257843196,0.004557,0.3945654655321059,0.4059610776369373,0.0650713810383976,0.3341964573268921,0.155933498667553,0.0759733681281856
20220610_Treat,20220610_Treat.sc014,Human,HG001,HG001,11,20,,352843,158601,2065.0,2414.554529920997,1195.568396390089,0.044334,0.3967136150234742,0.4076425834874691,0.0666343894155728,0.2819755451775569,0.2806652868964986,0.1165021108465347
20220610_Treat,20220610_Treat.sc015,Human,HG001,HG001,11,21,,434592,139840,2087.0,2433.799406464531,1217.039445275671,0.003858,0.3952458809008053,0.4062640907654306,0.0659077550447138,0.2532448410990554,0.3694435873762991,0.1034877949535917
20220610_Treat,20220610_Treat.sc016,Human,HG001,HG001,11,22,,343175,138728,1999.0,2313.901476270111,1105.706858963667,0.004647,0.3944288111969183,0.4053114394103671,0.0660349861444152,0.2528411257722523,0.2600791972728563,0.0987664287573897
20220610_Treat,20220610_Treat.sc018,Human,HG001,HG001,11,24,,386702,133288,2293.0,2660.270219374587,1336.400392132376,0.008761,0.3953488372093023,0.4063554045849458,0.0656926920947445,0.2792520345799424,0.3355159274242638,0.1082848143271348
20220610_Treat,20220610_Treat.sc021,Human,HG001,HG001,12,19,,388527,144233,2365.0,2823.59615344616,1575.591816866296,0.003412,0.396195872116552,0.4072694799660092,0.066019056036803,0.31004033736707,0.3583737748017791,0.1240801416173998
20220610_Treat,20220610_Treat.sc022,Human,HG001,HG001,12,20,,387379,162477,2287.0,2722.394855887295,1488.130339235463,0.004137,0.3950971028334925,0.4061820920285985,0.0656592867801172,0.2768357187305538,0.3397073217271153,0.1353448782626419
20220610_Treat,20220610_Treat.sc023,Human,HG001,HG001,12,21,,315366,127999,2092.0,2430.701966421613,1192.79943105592,0.002636,0.3962472406181016,0.4072086777009896,0.0665419658094844,0.2786009391229322,0.2510733049970191,0.095525018647277
20220610_Treat,20220610_Treat.sc024,Human,HG001,HG001,12,22,,304346,120347,2405.0,2821.211529992438,1474.740030376919,0.004209,0.3964194373401535,0.4078207398513474,0.0663820862418121,0.3158337274686006,0.2774485585124501,0.1046347334768472
20220610_Treat,20220610_Treat.sc025,Human,HG001,HG001,12,23,,243332,105930,2094.0,2384.05085433777,1079.152052306371,0.005283,0.3957953100975282,0.4071967610655783,0.0670450325359673,0.2989915127309036,0.1990136410786916,0.078336659050993
20220610_Treat,20220610_Treat.sc029,Human,HG001,HG001,13,20,,370662,97518,1988.0,2385.966088311901,1309.500229011084,0.004535,0.3963187879402451,0.4075336239107917,0.0674007908365794,0.329319615288912,0.2899335004247695,0.0712857306097801
20220610_Treat,20220610_Treat.sc030,Human,HG001,HG001,13,21,,372206,92776,2245.0,2661.075623005949,1449.389638337396,0.003656,0.3932312651087833,0.4042554400051749,0.06542500674883,0.4389060483127421,0.3245794841704435,0.0741325228418435
20220610_Treat,20220610_Treat.sc031,Human,HG001,HG001,13,22,,373959,124248,2144.0,2523.817139913721,1313.732615727905,0.002533,0.3960822808116504,0.4071909572728636,0.0665223929414715,0.2753923500237788,0.3169895661015236,0.0961683922197242
20220610_Treat,20220610_Treat.sc035,Human,HG001,HG001,14,18,,397889,128970,2108.0,2477.375878111189,1291.286864995531,0.00889,0.3958367787847389,0.4072748141488864,0.0669349302252833,0.2982059288764312,0.3281892989550911,0.097539184189691
20220610_Treat,20220610_Treat.sc037,Human,HG001,HG001,14,20,,388991,117426,2337.0,2819.304940984109,1604.744828451836,0.00158,0.3964172418980128,0.4074362245989671,0.0659861450879075,0.3609505288115726,0.3572216616725673,0.10208958943292
20220610_Treat,20220610_Treat.sc038,Human,HG001,HG001,14,21,,363413,109914,2593.0,3110.203140637225,1787.464730088524,0.00206,0.3958863938304008,0.407652375114707,0.0663024216702933,0.3834801466213753,0.3637515284765822,0.1037759297575774
20220610_Treat,20220610_Treat.sc039,Human,HG001,HG001,14,22,,295641,98022,2845.0,3380.055875211687,1921.243514802756,0.001617,0.3968068088335349,0.4083163237009031,0.0648205352587994,0.3923643104139792,0.3290105593898882,0.100219873900992
20220610_Treat,20220610_Treat.sc040,Human,HG001,HG001,14,24,,143752,85783,2551.0,2883.001410535887,1350.288989386543,0.0039549999999999,0.3944380069524913,0.4054075424786454,0.0645072651957373,0.3080534932887556,0.1372726414160139,0.0779498206470862
20220610_Treat,20220610_Treat.sc042,Human,HG001,HG001,15,18,,386500,97716,2123.0,2483.067849686848,1265.219271933626,0.003905,0.3950218622538976,0.4067534837748385,0.0670346052415262,0.3464426014840681,0.3083993922143043,0.0733505879514452
20220610_Treat,20220610_Treat.sc043,Human,HG001,HG001,15,19,,350740,94036,2754.0,3272.808243651368,1849.294475222256,0.0068819999999999,0.398733461090057,0.4106382476303579,0.0664810833044161,0.3905237187394864,0.3561115718254566,0.0937940686071052
20220610_Treat,20220610_Treat.sc044,Human,HG001,HG001,15,20,,361927,105117,2542.0,2994.905695558283,1625.009055552136,0.002561,0.3956403269754769,0.4071433810641485,0.0654332896470109,0.3383145909756048,0.3419029783038842,0.0964774609256711
20220610_Treat,20220610_Treat.sc052,Human,HG001,HG001,16,20,,392515,108289,2424.0,2868.40464867161,1581.893162865568,0.002893,0.395910780669145,0.4076549909298519,0.0669797714508826,0.3499897162669069,0.359581071553951,0.0937155782138747
20220610_Treat,20220610_Treat.sc053,Human,HG001,HG001,16,21,,314541,115142,2454.0,2895.427394000452,1567.775481851751,0.002433,0.3959399795620369,0.4073641239701741,0.0656195753979252,0.3122411687464992,0.2960961973362044,0.1020805950028989
20220610_Treat,20220610_Treat.sc059,Human,HG001,HG001,26,19,,389413,142364,2546.0,2949.373788317271,1525.277130964334,0.009195,0.3968529680178092,0.4079181339855436,0.0654853797002136,0.2590228187122348,0.3744591488950175,0.1277679431433706
20220610_Treat,20220610_Treat.sc060,Human,HG001,HG001,26,20,,439269,123838,2020.0,2322.084981992603,1074.120662883755,0.00611,0.3956737173534166,0.4069518873721149,0.0670272611730636,0.2572425531914894,0.3522707213370303,0.0874726037797207
20220610_Treat,20220610_Treat.sc061,Human,HG001,HG001,26,21,,425885,126352,2065.0,2380.820066164366,1146.772753014938,0.012786,0.3943139678615575,0.4057948445729345,0.0666548199749838,0.2596383885031218,0.338767163963957,0.0917359796096831
20220610_Treat,20220610_Treat.sc062,Human,HG001,HG001,26,22,,364162,127511,2049.0,2324.17940412984,1024.006009374874,0.004336,0.3942857142857143,0.4053666466732793,0.0663030569436416,0.2554128349074988,0.2839688548867488,0.0907339050097379
20220610_Treat,20220610_Treat.sc063,Human,HG001,HG001,26,23,,243313,112726,2833.0,3240.810549473945,1619.096967769707,0.00239,0.3943835848672042,0.4054655663796167,0.0638704789455192,0.2746703730137861,0.2695870701525145,0.1121495291507536
20220610_Treat,20220610_Treat.sc067,Human,HG001,HG001,27,19,,418824,120062,2207.0,2566.688802452067,1303.83126895027,0.006228,0.396418224886802,0.4074084360069797,0.0662716695018767,0.2874082389777142,0.3539175722912887,0.0940719606339046
20220610_Treat,20220610_Treat.sc069,Human,HG001,HG001,27,22,,371765,104194,2138.0,2526.559734725608,1329.208530303217,0.009797,0.3975465869568323,0.408607620792483,0.0668046431829429,0.3161642390554631,0.3118289844856645,0.0803988103071341
20220610_Treat,20220610_Treat.sc072,Human,HG001,HG001,28,18,,406052,99029,2161.0,2531.752375566753,1312.184641834087,0.005714,0.3941497273177987,0.4055136947683032,0.0662372661360803,0.3249906890130354,0.3368435695040303,0.0764296172779556
20220610_Treat,20220610_Treat.sc073,Human,HG001,HG001,28,19,,425234,91388,1906.0,2239.187409725566,1133.440563640639,0.003137,0.3965851951860765,0.4079062322619006,0.0678486211316999,0.2972357685996256,0.3160572528559517,0.0620332363775353
20220610_Treat,20220610_Treat.sc074,Human,HG001,HG001,28,20,,394650,100578,2394.0,2825.268468253494,1535.966016614935,0.005072,0.3948702078094974,0.4056306344720715,0.0653931432865879,0.3093034481311255,0.3579017907038172,0.086341124378716
20220610_Treat,20220610_Treat.sc075,Human,HG001,HG001,28,21,,410429,116225,2283.0,2679.053542697354,1411.332835350527,0.013698,0.3931278423446185,0.4042968376867491,0.0651697244451421,0.3003353271705637,0.362371274250755,0.0950914317463794
20220610_Treat,20220610_Treat.sc078,Human,HG001,HG001,28,24,,268387,97838,2112.0,2461.545646885668,1226.672595483473,0.008325,0.3960980760190326,0.4073455235997468,0.0666184932470806,0.3008720301207427,0.2176590465123239,0.0743497794224819
20220610_Treat,20220610_Treat.sc081,Human,HG001,HG001,29,19,,416455,105705,2237.0,2632.539832552859,1403.466806876869,0.005596,0.3953209358128375,0.4062075586674109,0.0659365493971608,0.3067966016991504,0.358969208921344,0.0844003254061581
20220610_Treat,20220610_Treat.sc084,Human,HG001,HG001,29,22,,305713,91952,2175.0,2588.431877501305,1429.940520669851,0.002735,0.3947865152328816,0.4061610154578688,0.0662643161854545,0.3193690049693748,0.2591556189791819,0.0727460832279865
20220708_GM12878,20220708_GM12878.sc002,Human,HG001,HG001,19,11,,236452,115942,2380.0,2712.258129064532,1308.6821864936,0.005757,0.4026918355469367,0.413947906443615,0.0653000521079744,0.2847472759739076,0.2212064961125958,0.0972558184266589
20220708_GM12878,20220708_GM12878.sc004,Human,HG001,HG001,19,13,,207142,87894,2832.0,3350.683664413953,1907.006300401237,0.007439,0.4006380436156201,0.4120992562512406,0.0660920308010155,0.4685732732337785,0.2065425351799171,0.0917993701848203
20220708_GM12878,20220708_GM12878.sc005,Human,HG001,HG001,19,14,,341106,128403,2057.0,2422.921987804023,1313.624466072699,0.011676,0.3942589338019918,0.4048993952062853,0.0656883829785622,0.388885600493823,0.2520801524640028,0.0931827913654927
20220708_GM12878,20220708_GM12878.sc006,Human,HG001,HG001,19,15,,220802,107313,2487.0,2911.577022355167,1582.587475145525,0.006042,0.3981288981288981,0.4093422673548505,0.0660777696546977,0.3853609099496222,0.1981224892026336,0.0970952501638362
20220708_GM12878,20220708_GM12878.sc007,Human,HG001,HG001,19,16,,333511,148817,1989.0,2361.896087140582,1283.92870767556,0.032358,0.3943340931292739,0.4054142288542222,0.0667950185840393,0.3482013267914162,0.2503422479927299,0.1083976191369822
20220708_GM12878,20220708_GM12878.sc008,Human,HG001,HG001,19,18,,299212,126011,2055.0,2430.583441128155,1326.251266040061,0.005547,0.3963567839195979,0.4076753491248468,0.0669404333946736,0.3957645165076544,0.2277412081314369,0.0944917277160314
20220708_GM12878,20220708_GM12878.sc011,Human,HG001,HG001,20,12,,376982,205841,1995.0,2318.874199017689,1161.657278203961,0.0206,0.3950786056049214,0.4062027837192886,0.0666161036877624,0.2305785931338019,0.2791651739515149,0.1462016547760283
20220708_GM12878,20220708_GM12878.sc012,Human,HG001,HG001,20,13,,351411,186803,2015.0,2344.776813006215,1182.520814101828,0.016853,0.3964285714285714,0.4073450874267986,0.0666768533032113,0.2403675112800213,0.2625119744197478,0.1351154700362625
20220708_GM12878,20220708_GM12878.sc013,Human,HG001,HG001,20,14,,239799,112081,2510.0,2976.516314094271,1675.439258685365,0.010743,0.3975851660198361,0.4085765175878488,0.0656118222170056,0.3960844081924492,0.2178050405219925,0.1035224878047908
20220708_GM12878,20220708_GM12878.sc014,Human,HG001,HG001,20,15,,227270,125559,2361.0,2755.609211605699,1460.847551453185,0.003924,0.3953040800615858,0.4060450905625693,0.0648452838216504,0.2898733009668034,0.1964729867715179,0.1080022704767111
20220708_GM12878,20220708_GM12878.sc015,Human,HG001,HG001,20,16,,287767,137841,2319.0,2716.91916773674,1459.653246060853,0.0066349999999999,0.3956521739130435,0.406929835699733,0.0661664600944806,0.3598443720593558,0.2461709270705562,0.1175464066415197
20220708_GM12878,20220708_GM12878.sc017,Human,HG001,HG001,21,9,,246115,134978,1962.0,2274.413163626665,1130.586884115688,0.012892,0.3957091300254569,0.4068077698091371,0.0666588345642738,0.3152700871703699,0.1796749852294513,0.0958084988450312
20220708_GM12878,20220708_GM12878.sc018,Human,HG001,HG001,21,11,,219126,121352,2254.0,2623.412856813237,1352.579167223324,0.003398,0.3944444444444444,0.4051507364426265,0.0650747750795888,0.3109459224482699,0.1888132774351972,0.0992545714554929
20220708_GM12878,20220708_GM12878.sc020,Human,HG001,HG001,21,13,,170723,81750,2556.0,3026.245504587156,1703.350768405917,0.004136,0.3995122056926013,0.4109468894018902,0.0666544321193584,0.3976619369972336,0.1598759073630849,0.0782742023884048
20220708_GM12878,20220708_GM12878.sc021,Human,HG001,HG001,21,14,,229837,98485,2668.0,3187.038939940093,1849.149122341955,0.002944,0.3989330171902786,0.410423317530328,0.0663989965935561,0.3760576923076923,0.2195631752434251,0.097342377685183
20220708_GM12878,20220708_GM12878.sc022,Human,HG001,HG001,21,15,,175721,83616,2769.0,3270.691578166858,1856.802275998585,0.0049619999999999,0.3997080646043336,0.4111373935360928,0.0660274556154001,0.4404523869032742,0.1743727174277301,0.0861977042807283
20220708_GM12878,20220708_GM12878.sc023,Human,HG001,HG001,21,16,,317730,117897,2149.0,2497.815957997235,1310.014704390257,0.006687,0.3943820224719101,0.4051711734428279,0.0657740278258253,0.3451748424564439,0.2503944444868367,0.0916560593041661
20220708_GM12878,20220708_GM12878.sc024,Human,HG001,HG001,21,18,,211701,112040,1880.0,2123.787558014995,953.2293784417548,0.005565,0.3946621876729404,0.4052415122298173,0.0662428030696561,0.281821867310285,0.1457851916921525,0.0747588863363391
20220708_GM12878,20220708_GM12878.sc027,Human,HG001,HG001,22,12,,277270,99235,2516.0,2947.079397390034,1626.522324645265,0.009628,0.3924418604651163,0.4036104203216165,0.063896685851936,0.457419584723527,0.2434602770272899,0.0883735970418731
20220708_GM12878,20220708_GM12878.sc029,Human,HG001,HG001,22,14,,271351,150692,2594.0,2988.436181084596,1536.181669225389,0.008429,0.3942451637445875,0.4049953386438762,0.0637172885474565,0.2817558913486237,0.2582895324811588,0.1391100035737651
20220708_GM12878,20220708_GM12878.sc030,Human,HG001,HG001,22,15,,260082,148964,2375.0,2730.257203082624,1367.9423603098,0.002309,0.3946099979422336,0.4054672880572687,0.0647964990855173,0.2477359601160209,0.2273339693905038,0.1260421586656816
20220708_GM12878,20220708_GM12878.sc031,Human,HG001,HG001,22,16,,244315,130945,2473.0,2891.678697162931,1543.485829910742,0.00949,0.3976353453640323,0.4085651556368164,0.0653008116153403,0.3528025462231832,0.2198438234426785,0.1170167940523267
20220708_GM12878,20220708_GM12878.sc032,Human,HG001,HG001,22,18,,259340,149593,2263.0,2667.523801247385,1431.721535507719,0.003527,0.3959052219921785,0.4067947678336039,0.0656533401343205,0.3102766798418972,0.2210798780926697,0.123953748293007
20220708_GM12878,20220708_GM12878.sc033,Human,HG001,HG001,23,9,,351193,157263,2004.0,2275.719463573759,1072.259604249117,0.005486,0.3953116675546084,0.4060645134771284,0.0663172510023887,0.2337072165502057,0.254384594722312,0.1105966315380615
20220708_GM12878,20220708_GM12878.sc034,Human,HG001,HG001,23,11,,279017,146576,2148.0,2455.82763208165,1188.463386061843,0.003291,0.3955521060988985,0.4065985069519177,0.0658079110161039,0.2429134340400089,0.2191191452176212,0.111706729037342
20220708_GM12878,20220708_GM12878.sc035,Human,HG001,HG001,23,12,,198519,110556,2295.0,2660.705235355838,1352.101688261272,0.003605,0.3956378570314322,0.4064479709780711,0.0651265836602214,0.3158955252252595,0.1760536372335179,0.0921607766021906
20220708_GM12878,20220708_GM12878.sc036,Human,HG001,HG001,23,13,,306984,167309,1840.0,2124.085183702013,1034.122319921356,0.046192,0.394441159077469,0.4055181221649224,0.0671874229970391,0.2468866317582487,0.2114754236989236,0.1100245518409155
20220708_GM12878,20220708_GM12878.sc039,Human,HG001,HG001,23,16,,156676,93414,2203.0,2456.054381570214,1072.108584941196,0.004801,0.3940923590242722,0.4046120504266209,0.0648900961735762,0.2975469858758983,0.1289329199179464,0.0720262742177428
20220708_GM12878,20220708_GM12878.sc042,Human,HG001,HG001,26,11,,229339,129710,2436.0,2871.7801326035,1567.270197448728,0.011735,0.3986877476878481,0.409780966647611,0.0660479567116203,0.3597461895940983,0.2064133672482974,0.1159194468071659
20220708_GM12878,20220708_GM12878.sc043,Human,HG001,HG001,26,12,,186559,109019,2693.0,3066.622900595309,1515.583273730085,0.004319,0.3941404090657822,0.4050411805174232,0.064012182088192,0.3081397603443596,0.1876828029032257,0.1040224771053182
20220708_GM12878,20220708_GM12878.sc044,Human,HG001,HG001,26,13,,224095,124110,2543.0,2967.786068809927,1595.883156794476,0.010008,0.3956580136790244,0.4067240079515537,0.0649677743130087,0.2923996496985877,0.2067846898343312,0.1142882414098423
20220708_GM12878,20220708_GM12878.sc047,Human,HG001,HG001,26,16,,255447,119371,2384.0,2751.919678984008,1380.515346895735,0.003088,0.3955696202531646,0.4064605000904633,0.0650561343578983,0.3209169308926842,0.2324289847802035,0.101433634301916
20220708_GM12878,20220708_GM12878.sc049,Human,HG001,HG001,27,9,,273284,92872,2570.0,2835.436396330433,1288.905749101166,0.012401,0.3992142815230004,0.4107398820224363,0.0665150500774901,0.45225061173391,0.2341769108113884,0.0812991503522411
20220708_GM12878,20220708_GM12878.sc051,Human,HG001,HG001,27,12,,222736,115627,2519.0,2902.964316292908,1484.797249406309,0.028373,0.3952502120441052,0.4064113844379468,0.0653966973727512,0.3194155060861937,0.2115873572048843,0.1039255898522616
20220708_GM12878,20220708_GM12878.sc052,Human,HG001,HG001,27,13,,273128,146335,2203.0,2616.400102504527,1432.698782802636,0.046967,0.3988033298647242,0.4105399327157869,0.0670569221510033,0.3178477954499698,0.2261430416731446,0.1187250947131847
20220708_GM12878,20220708_GM12878.sc053,Human,HG001,HG001,27,14,,155854,81055,2830.0,3333.056122386034,1873.126627823205,0.008998,0.4003488879197558,0.4122243332207597,0.0665245543259637,0.4532313257087838,0.1584313081278431,0.084733539490627
20220708_GM12878,20220708_GM12878.sc054,Human,HG001,HG001,27,16,,206965,112846,2456.0,2766.721788986761,1296.447399418691,0.008145,0.3965090248330101,0.4074626684859477,0.0651391410421384,0.3040514469453376,0.1970753920178273,0.099238557898753
20220708_GM12878,20220708_GM12878.sc055,Human,HG001,HG001,27,18,,240808,152187,2100.0,2390.525498235724,1116.078137919448,0.019544,0.3947667804323095,0.405566699630101,0.0653816369595425,0.2334411406711876,0.1899591258720732,0.1133793326736194
20220708_GM12878,20220708_GM12878.sc057,Human,HG001,HG001,28,11,,169660,88037,2854.0,3328.941081590695,1824.03543500166,0.0028,0.4001470227885322,0.4120890015484163,0.0661886979837119,0.4278042099192618,0.1734455001794604,0.0912803864595658
20220708_GM12878,20220708_GM12878.sc060,Human,HG001,HG001,28,14,,353673,150299,2167.0,2487.289562804809,1228.879613557695,0.003864,0.3951515151515152,0.4057601286505187,0.0656415667066308,0.2590606573852176,0.2762149560350737,0.1149849839975146
20220708_GM12878,20220708_GM12878.sc061,Human,HG001,HG001,28,15,,213824,98106,2551.0,2990.750341467392,1631.521480535321,0.0084549999999999,0.3986542054194016,0.4096626585431694,0.0659323619906485,0.3825822991193538,0.1961206401754385,0.0916668137332554
20220708_GM12878,20220708_GM12878.sc062,Human,HG001,HG001,28,16,,386264,173803,1931.0,2190.15680396771,1022.786226654978,0.013989,0.3934782608695652,0.4043964877656782,0.0659895229727867,0.2636781119795626,0.2714876743637425,0.1170353735207519
20220708_GM12878,20220708_GM12878.sc065,Human,HG001,HG001,29,11,,172127,98884,2711.0,3141.203885360625,1660.749088817003,0.015096,0.4,0.4115948975728136,0.0662050125708136,0.4029207794417972,0.1697278315388663,0.0973537982008762
20220708_GM12878,20220708_GM12878.sc066,Human,HG001,HG001,29,12,,216888,116627,2542.0,2951.254537971481,1523.410724622717,0.007721,0.3942446043165468,0.4048421697659362,0.0637920605362831,0.3126166314180603,0.2157958248900016,0.108724040181569
20220708_GM12878,20220708_GM12878.sc067,Human,HG001,HG001,29,13,,217942,104544,2551.0,3019.490874655648,1693.855564417156,0.020003,0.3985931985354752,0.4103819750963416,0.0669229056680335,0.3868500293029929,0.2010833192873697,0.0980556026989122
20220708_GM12878,20220708_GM12878.sc068,Human,HG001,HG001,29,14,,205176,112552,2470.0,2880.297231501884,1538.776490314838,0.005841,0.3958154747569098,0.406538447534971,0.0647466618949854,0.3272563159923653,0.1848268739803471,0.1009743941972077
20220708_GM12878,20220708_GM12878.sc075,Human,HG001,HG001,30,13,,269395,126191,2255.0,2654.701317843586,1436.661859569107,0.012392,0.3948075201432408,0.4059059346617365,0.0659087392187819,0.3798154565300309,0.2309726116381513,0.1068312797922755
20220708_GM12878,20220708_GM12878.sc076,Human,HG001,HG001,30,14,,261593,102910,2554.0,2993.830405208435,1644.978566185357,0.018984,0.3970539013501035,0.4084495580803878,0.0658402520350412,0.3653814635745308,0.2381487727087193,0.0948190882383818
20220708_GM12878,20220708_GM12878.sc078,Human,HG001,HG001,30,16,,303069,102962,2381.0,2830.914434451545,1610.125203093544,0.005832,0.3982045669202736,0.4093208031288017,0.0666301004511926,0.3855534422961524,0.2611078422935179,0.0901044757777349
20220708_GM12878,20220708_GM12878.sc079,Human,HG001,HG001,30,18,,284591,102068,2421.0,2841.826664576557,1545.106917155749,0.016005,0.3955503971530268,0.407049619223743,0.0658509547871369,0.3894136757265683,0.2538487810929235,0.0892197437243652
20220708_GM12878,20220708_GM12878.sc080,Human,HG001,HG001,7,11,,154966,83187,2979.0,3412.197975645233,1730.958704169709,0.004603,0.395887925821407,0.4072367696474989,0.0637746820432389,0.397799903236485,0.1737416109792237,0.0881747964514642
20220708_GM12878,20220708_GM12878.sc081,Human,HG001,HG001,7,12,,228411,124914,2016.0,2361.801207230575,1232.878461239044,0.004504,0.3942520265291084,0.4049563421463825,0.0657315254154886,0.2868468804585615,0.1736522858091203,0.0920844517730311
20220708_GM12878,20220708_GM12878.sc083,Human,HG001,HG001,7,14,,298832,112417,2323.0,2717.844685412349,1462.920755276203,0.008954,0.3950207468879668,0.4058641172686347,0.0652091693494459,0.3143326450159564,0.2516369311334229,0.0943908571607358
20220708_GM12878,20220708_GM12878.sc084,Human,HG001,HG001,7,15,,325138,94885,1983.0,2271.133667070665,1110.815110788809,0.009772,0.3965721040189125,0.4074808444242659,0.0672150427713016,0.2899099319758185,0.2365341996504167,0.066184972266599
20220708_GM12878,20220708_GM12878.sc087,Human,HG001,HG001,8,9,,176153,119950,2096.0,2363.657457273864,1067.086190858626,0.006786,0.3936759532283242,0.4043687186107034,0.0651381313709422,0.2936101730688054,0.1378872518732531,0.0896209716858716
20220708_GM12878,20220708_GM12878.sc088,Human,HG001,HG001,8,11,,325408,183426,2159.0,2463.759608779562,1174.741800741848,0.038724,0.3940705167113216,0.4049814018370759,0.0650745216039519,0.2578831299287603,0.2593206105440107,0.1387716239268134
20220708_GM12878,20220708_GM12878.sc089,Human,HG001,HG001,8,12,,312690,143201,2380.0,2736.494507719918,1391.481360313619,0.00363,0.394993894993895,0.4061636454826641,0.0654938110575188,0.2921776209380973,0.27066550262508,0.1207641430250345
20220708_GM12878R2,20220708_GM12878R2.C01,Human,HG001,HG001,19,9,,136122,84589,2465.0,2698.370024471267,1178.571557551121,0.01016,0.3982007575757576,0.4092349230374833,0.065472392412221,0.4009847304456217,0.1194890191783349,0.0721694536202057
20220708_GM12878R2,20220708_GM12878R2.C02,Human,HG001,HG001,19,11,,159998,95457,2658.0,2857.238379584525,1104.474097264889,0.0066739999999999,0.3989746682750301,0.4100369069959073,0.0651257827669902,0.3340005972196109,0.1545646886095805,0.085631907362865
20220708_GM12878R2,20220708_GM12878R2.C03,Human,HG001,HG001,19,14,,810529,202723,2090.0,2382.682976277975,1176.113769605833,0.004301,0.3991416309012876,0.4100572268260896,0.0672675970163938,0.3190207214756422,0.6116836553104267,0.1439530531838097
20220708_GM12878R2,20220708_GM12878R2.C04,Human,HG001,HG001,19,15,,479991,113944,2571.0,2844.530672962157,1348.731161410347,0.009594,0.3966741931988987,0.4081763042291884,0.0660429971458222,0.3924840139548226,0.4158711186240548,0.0977251437434195
20220708_GM12878R2,20220708_GM12878R2.C05,Human,HG001,HG001,19,16,,584431,212061,2266.0,2549.906404289332,1215.943884525871,0.016183,0.3980732177263969,0.4091629783885418,0.0668250351091696,0.2485895101346309,0.473714165915492,0.1623478987500863
20220708_GM12878R2,20220708_GM12878R2.C08,Human,HG001,HG001,20,11,,558560,195588,2120.0,2419.433324130315,1193.789263243938,0.007454,0.3971848006788579,0.4079998377037777,0.066275017147289,0.3108970861071701,0.4199988628736455,0.1404729753739588
20220708_GM12878R2,20220708_GM12878R2.C09,Human,HG001,HG001,20,12,,868625,260024,1926.0,2201.615989293296,1079.281956086448,0.006004,0.3980524748372233,0.409152356936215,0.0681309136690304,0.2309309224008148,0.6002979072509862,0.1695284312966009
20220708_GM12878R2,20220708_GM12878R2.C10,Human,HG001,HG001,20,13,,735916,253026,2019.0,2311.221724249681,1142.826451030211,0.013086,0.3983444194822549,0.4095905277449096,0.067723317434669,0.2544345690319089,0.5294303760719887,0.1747621819172032
20220708_GM12878R2,20220708_GM12878R2.C11,Human,HG001,HG001,20,14,,666488,227567,2061.0,2341.047357481533,1132.670661392328,0.007823,0.3981087470449173,0.4091275495909897,0.067632644392334,0.276613251886253,0.4885393072845824,0.1596426379213583
20220708_GM12878R2,20220708_GM12878R2.C12,Human,HG001,HG001,20,15,,490891,182088,2310.0,2598.703615834102,1255.556028417041,0.015825,0.3986636971046771,0.4095549929575823,0.0664508624480535,0.3118879090276166,0.3952323911152351,0.1426722072531828
20220708_GM12878R2,20220708_GM12878R2.C13,Human,HG001,HG001,20,16,,356986,145287,2301.0,2575.612979826137,1214.085822674537,0.004626,0.4055299539170507,0.4167366420291937,0.0683409148489917,0.3230076293777002,0.2970991620226349,0.1178192565840318
20220708_GM12878R2,20220708_GM12878R2.C16,Human,HG001,HG001,21,11,,139125,96103,2398.0,2607.697636910398,1090.538600134412,0.015383,0.3976089471654454,0.4088426101093018,0.0655122417877318,0.2691689951816242,0.1200290362837589,0.0790458385016465
20220708_GM12878R2,20220708_GM12878R2.C17,Human,HG001,HG001,21,12,,708828,172956,2185.0,2487.620446818844,1241.882199330279,0.0082069999999999,0.3983286908077994,0.4100170642717337,0.0683136713873884,0.3837233444881409,0.5395900938239573,0.1275256427499032
20220708_GM12878R2,20220708_GM12878R2.C18,Human,HG001,HG001,21,13,,134371,88742,2169.0,2400.737024182461,1051.324143255686,0.005849,0.3957187862721865,0.4064680185294178,0.0649187352332572,0.331466359165039,0.1078488149057752,0.0682376922233852
20220708_GM12878R2,20220708_GM12878R2.C24,Human,HG001,HG001,22,12,,252713,130685,2364.0,2637.225527030646,1229.375738041066,0.006814,0.3980624327233585,0.4089250945478006,0.0660086702383792,0.3595564685710588,0.215868194938646,0.1066749675271998
20220708_GM12878R2,20220708_GM12878R2.C25,Human,HG001,HG001,22,13,,173160,113415,2363.0,2601.036203324076,1145.055353802044,0.004738,0.3979933110367893,0.4090652903507585,0.0655240741255991,0.2946702043476237,0.1479261832543823,0.0927975460042208
20220708_GM12878R2,20220708_GM12878R2.C26,Human,HG001,HG001,22,14,,467196,170914,2230.0,2531.940332564915,1225.006333474445,0.039406,0.4005107625124354,0.4116198992536957,0.0675979418755962,0.3814061563370969,0.3873568933714116,0.1305851517389214
20220708_GM12878R2,20220708_GM12878R2.C31,Human,HG001,HG001,23,11,,853917,156483,1807.0,2080.604193426762,1050.290591851714,0.004782,0.3969610636277303,0.407994138423514,0.0685287198974026,0.4010072395341517,0.5676044929064215,0.0965785937416975
20220708_GM12878R2,20220708_GM12878R2.C36,Human,HG001,HG001,26,12,,316595,117134,2761.0,3011.699489473594,1311.328902747626,0.00794,0.4014856094516212,0.4128863725877461,0.0665995401721179,0.3834931711153092,0.3150781003308283,0.1069382978225776
20220708_GM12878R2,20220708_GM12878R2.C39,Human,HG001,HG001,26,16,,281152,90806,2634.5,2911.465696099377,1358.86925318629,0.0066709999999999,0.3998754037446394,0.4113103783513589,0.0668754295164418,0.4184933960410913,0.262081512734587,0.0809782086091013
20220708_GM12878R2,20220708_GM12878R2.C41,Human,HG001,HG001,27,9,,572225,129990,2305.5,2600.038987614432,1278.066630168463,0.008781,0.3988263171976784,0.4097202716106166,0.0669342717187817,0.3793400450153979,0.4488625588978036,0.1016909892961093
20220708_GM12878R2,20220708_GM12878R2.C45,Human,HG001,HG001,27,14,,319182,81495,2523.0,2805.426431069391,1352.056657381346,0.008734,0.4051539012168933,0.4169944996256295,0.0690277721896459,0.518135934517116,0.2663008819791505,0.0689039530880638
20220708_GM12878R2,20220708_GM12878R2.C47,Human,HG001,HG001,27,16,,194069,91705,2597.0,2847.931028842484,1225.508514351367,0.003853,0.3989935298346513,0.4101966400751809,0.0656263108344615,0.3896846482615225,0.1817993548874372,0.0810516812658577
20220708_GM12878R2,20220708_GM12878R2.C50,Human,HG001,HG001,28,11,,658860,199261,2127.0,2413.474121880348,1172.679434102898,0.005569,0.3978102189781022,0.4090042947482029,0.0672669858675296,0.2486195727412512,0.4959765242169496,0.1441842575831513
20220708_GM12878R2,20220708_GM12878R2.C51,Human,HG001,HG001,28,12,,770723,229396,2086.0,2373.51217981133,1161.344057860639,0.015465,0.3970347871847976,0.4082111997341754,0.067064881569018,0.2338390075758972,0.5709044810724799,0.1617813289630669
20220708_GM12878R2,20220708_GM12878R2.C52,Human,HG001,HG001,28,13,,737344,222457,2090.0,2359.736488400005,1125.483280631723,0.008318,0.3972602739726027,0.4083470076761066,0.0670396333845927,0.2268707111998444,0.5470986794141948,0.1567388126760094
20220708_GM12878R2,20220708_GM12878R2.C53,Human,HG001,HG001,28,14,,687943,187893,2233.0,2511.347160351902,1207.975418997604,0.0068349999999999,0.3982136211388165,0.4094683237064325,0.067178491687602,0.2715406606120856,0.5356901651059369,0.1409554043359564
20220708_GM12878R2,20220708_GM12878R2.C54,Human,HG001,HG001,28,15,,489783,117720,2510.0,2791.785253143051,1333.278321530784,0.028358,0.3993425683518981,0.4107961290736544,0.0671028238882822,0.37212562339938,0.4115612711665201,0.0990834831982395
20220708_GM12878R2,20220708_GM12878R2.C55,Human,HG001,HG001,28,16,,867650,209123,1879.0,2129.054632919383,1016.01923109891,0.014601,0.3973429951690821,0.4084242979616887,0.0679618249309558,0.2329283239268259,0.5854032685273827,0.1321416284801535
20220708_GM12878R2,20220708_GM12878R2.C58,Human,HG001,HG001,29,11,,503060,105695,2534.0,2805.994313827523,1337.151952562343,0.008273,0.4055002925687536,0.4178286070490799,0.0696021858995116,0.4182440136830103,0.4294148589323773,0.0888174489808148
20220708_GM12878R2,20220708_GM12878R2.C61,Human,HG001,HG001,29,14,,634812,149001,2134.0,2410.384769229737,1168.76470714891,0.005614,0.3987702117968572,0.4100933111179237,0.0680659947345607,0.3606592313703204,0.4707072791594856,0.107270765820485
20220708_GM12878R2,20220708_GM12878R2.C62,Human,HG001,HG001,29,15,,508407,101841,2580.0,2849.642550642669,1339.549131754222,0.007363,0.4016844833171364,0.4136082728095078,0.0681289386058175,0.4259622062588757,0.4318631793753882,0.0869152458139116
20220708_GM12878R2,20220708_GM12878R2.C64,Human,HG001,HG001,30,9,,419174,91599,2458.0,2736.952073712595,1318.045851022692,0.016156,0.4028218694885362,0.415232107832477,0.0696212755957677,0.3662302399963184,0.3467419600899954,0.0755081450701228
20220708_GM12878R2,20220708_GM12878R2.C65,Human,HG001,HG001,30,12,,706606,216293,2118.0,2414.551945740269,1185.132254724102,0.011915,0.3988171766520957,0.4099570387875554,0.0677740629507712,0.2424419425339389,0.5402630805981187,0.1555199114082417
20220708_GM12878R2,20220708_GM12878R2.C66,Human,HG001,HG001,30,13,,725774,182159,2100.0,2403.222261870124,1204.368042679676,0.016197,0.4018306636155606,0.4129203043244131,0.0681334380253,0.344241818636023,0.534506258602252,0.1303770001969411
20220708_GM12878R2,20220708_GM12878R2.C67,Human,HG001,HG001,30,14,,594164,165263,2428.0,2708.513817369889,1294.12273570172,0.022029,0.4001646768217373,0.4116009842944747,0.0670289870409475,0.3602678372334529,0.4951024335492508,0.1338919211187813
20220708_GM12878R2,20220708_GM12878R2.C68,Human,HG001,HG001,30,15,,388184,111147,2721.0,2970.311398418311,1356.455779469323,0.013151,0.4008294706025859,0.4124878367469926,0.0667982559056464,0.4057685009487666,0.3478005650947965,0.1002716696996587
20220708_GM12878R2,20220708_GM12878R2.C69,Human,HG001,HG001,30,16,,593090,130935,2288.0,2594.659823576584,1308.910674732738,0.012606,0.4027418520434558,0.4139932362415875,0.0685888674525256,0.4798853343611486,0.4643039764623818,0.1014952426171272
20220708_GM12878R2,20220708_GM12878R2.C70,Human,HG001,HG001,30,18,,340583,108651,2451.0,2731.275183845524,1297.186868253358,0.016162,0.4,0.4112224451141785,0.0669639151647079,0.3955662678705063,0.2857418177742446,0.0906029210790796
20220708_GM12878R2,20220708_GM12878R2.C73,Human,HG001,HG001,7,12,,506406,149795,2435.0,2712.695477152108,1311.098104608161,0.007234,0.4012779552715655,0.4128283601275803,0.0679952240268198,0.4047012277539985,0.4103468944180961,0.1223029352538896
20220708_GM12878R2,20220708_GM12878R2.C74,Human,HG001,HG001,7,13,,784533,239929,1953.0,2210.86232593809,1057.063286178013,0.011159,0.3973765432098765,0.4081187819186371,0.0671979125276328,0.2450925234055646,0.5429848165485597,0.1588231740073493
20220708_GM12878R2,20220708_GM12878R2.C75,Human,HG001,HG001,7,14,,776235,204604,1957.0,2235.750371449239,1100.882806968747,0.004536,0.3975535168195719,0.408874741401951,0.0683075886713745,0.2657909129371459,0.5343054117520568,0.1370195935499751
20220708_GM12878R2,20220708_GM12878R2.C76,Human,HG001,HG001,7,15,,629244,208550,2209.0,2489.290103092783,1195.020559979929,0.0091849999999999,0.3976377952755906,0.408750580908366,0.0668700405963808,0.2488363023030831,0.4780747180418362,0.1566110600479884
20220708_GM12878R2,20220708_GM12878R2.C77,Human,HG001,HG001,7,16,,356140,183820,2027.0,2273.963725383527,1038.528971588802,0.007891,0.3979312221951081,0.4087991042012438,0.0667738518319163,0.2624116732008886,0.2585600655553322,0.1291818582209432
20220708_GM12878R2,20220708_GM12878R2.C80,Human,HG001,HG001,8,11,,572492,228482,2130.0,2421.148681296557,1156.785913386085,0.021982,0.3976109215017065,0.4085163552611907,0.0665029219275111,0.2681686615035594,0.4574965310227059,0.1660619882621405
20220708_GM12878R2,20220708_GM12878R2.C81,Human,HG001,HG001,8,12,,662667,212887,2107.0,2404.59453606843,1167.42791977686,0.006603,0.3974280465401102,0.4082787764386999,0.0665056789408044,0.2941799727689071,0.5150063861427062,0.1530000755248296
20220708_GM12878R2,20220708_GM12878R2.C84,Human,HG001,HG001,8,16,,626789,188436,2234.0,2525.192993907746,1216.367809670492,0.011715,0.3989190516972389,0.4099854833677337,0.0671130226085541,0.3318777047783483,0.4980843829271545,0.1422388325260859
20220708_GM12878R2,20220708_GM12878R2.C85,Human,HG001,HG001,8,18,,497594,165812,2272.0,2550.605354256628,1195.371495693539,0.003077,0.397368088025683,0.4082490779781994,0.0659357601056364,0.2288936668278161,0.4071842115706539,0.1278962627276133
20220817_HG001,20220817_HG001.C01,Human,HG001,HG001,19,6,,275622,125217,1780.0,1989.059313032575,887.5822844057531,0.003041,0.3966309341500766,0.4071676822410544,0.0675098107201714,0.2414397411701268,0.1754370309512483,0.0773555715703721
20220817_HG001,20220817_HG001.C02,Human,HG001,HG001,19,9,,325241,165714,1671.0,1880.403001556899,839.6660400182648,0.004997,0.3959183673469388,0.4066364334721259,0.0682224966372379,0.2281933998073402,0.1951125064482661,0.0966488897044834
20220817_HG001,20220817_HG001.C03,Human,HG001,HG001,19,11,,199537,108081,2191.0,2425.570359267586,1073.330549242852,0.003444,0.396482122260669,0.4076727432161663,0.0663921643648866,0.2705659233769662,0.1607313799536834,0.0813361906804583
20220817_HG001,20220817_HG001.C04,Human,HG001,HG001,19,12,,312407,144586,1820.0,2069.049479202689,991.74770327491,0.002552,0.3967391304347826,0.4079833865723581,0.068108587894057,0.2883589971770987,0.2029792191532621,0.0924714741768404
20220817_HG001,20220817_HG001.C06,Human,HG001,HG001,19,15,,246290,107932,2037.0,2334.358262609791,1169.777037057896,0.005134,0.3976755788540642,0.4093297509909653,0.0681129745379477,0.3389256891614359,0.1801074778700587,0.0791727925213947
20220817_HG001,20220817_HG001.C07,Human,HG001,HG001,19,18,,243892,93787,2136.0,2463.61461609818,1277.984363570253,0.004986,0.3987299465240642,0.4097060137576916,0.0677404736083195,0.3499195806948678,0.1816050742946355,0.0714426160919437
20220817_HG001,20220817_HG001.C09,Human,HG001,HG001,21,9,,248418,97847,2139.0,2457.612425521477,1269.596689855867,0.003242,0.4,0.4118136756415718,0.0691304601760736,0.4097910026311849,0.1863790533325499,0.074924915465836
20220817_HG001,20220817_HG001.C14,Human,HG001,HG001,21,15,,326313,130779,1767.0,2008.685071762286,955.6667474723232,0.003389,0.3969198459922996,0.4078973247428668,0.068430938685129,0.2562804740224095,0.2054214863820861,0.0808888528303186
20220817_HG001,20220817_HG001.C15,Human,HG001,HG001,21,18,,344511,139813,1606.0,1790.422585882571,763.5332817794906,0.003324,0.3946587537091989,0.4056130590014543,0.0683657546944145,0.2338356940509915,0.1972252931558622,0.0772310937232262
20220817_HG001,20220817_HG001.C17,Human,HG001,HG001,22,14,,180388,92371,2208.0,2526.293014041204,1270.473706610456,0.0042,0.3986461075592328,0.4098557422760706,0.0672069926333493,0.3411880666124171,0.1435771139045679,0.0727150658531025
20220817_HG001,20220817_HG001.C18,Human,HG001,HG001,23,6,,302398,118266,1675.0,1890.25908545144,861.3807753404874,0.004192,0.3960354702300347,0.4072409986887278,0.0689603589061247,0.2949595408690693,0.1813639286831654,0.0693942509154609
20220817_HG001,20220817_HG001.C19,Human,HG001,HG001,23,9,,279526,109095,1897.0,2163.163353040928,1065.288288963565,0.011566,0.3967292549969715,0.4079343676241772,0.0678870068281642,0.319057755340391,0.1923123430610831,0.0751947327143015
20220817_HG001,20220817_HG001.C20,Human,HG001,HG001,23,11,,316758,102849,1771.0,2035.165193633385,1014.901187398359,0.010365,0.4033116499112951,0.4139644576923876,0.069308088660437,0.3990783688335731,0.2044844155738155,0.0653767692161938
20220817_HG001,20220817_HG001.C21,Human,HG001,HG001,23,12,,271471,124604,1963.0,2233.35935443485,1086.062828810797,0.004375,0.3957446808510639,0.4067905533173856,0.0667102902769141,0.3031095562386427,0.1913284486254265,0.0858609281111886
20220817_HG001,20220817_HG001.C22,Human,HG001,HG001,23,13,,240336,96164,2047.0,2364.694896218959,1228.256371765101,0.041025,0.3976856294775371,0.4088988993743023,0.068253611513189,0.3484101714136171,0.1751886084740653,0.0709917050263043
20220817_HG001,20220817_HG001.C23,Human,HG001,HG001,23,14,,256755,126455,1900.0,2168.890490688387,1057.1351545834,0.004712,0.396357328707719,0.4074780209262163,0.0679666045783882,0.2634053537605391,0.1734383944440917,0.0850960899073917
20220817_HG001,20220817_HG001.C24,Human,HG001,HG001,23,15,,305089,131758,1724.0,1950.53125426919,902.9530887117304,0.004774,0.3965455248693781,0.4077444132207157,0.0685493733752168,0.2505815912336152,0.1894496899678511,0.0796277192370822
20220817_HG001,20220817_HG001.C28,Human,HG001,HG001,26,11,,331293,143490,1741.0,1973.579866192766,926.8865943314564,0.0092269999999999,0.3969566054612767,0.4081150879160369,0.0682013965418201,0.2531890276943806,0.2067194272601849,0.0875490833914069
20220817_HG001,20220817_HG001.C30,Human,HG001,HG001,26,14,,240830,105930,1990.0,2296.097318984235,1179.58327335536,0.00396,0.3966480446927375,0.4078935557080893,0.0672731022365027,0.3703100813901233,0.1697072110280435,0.0753148102159509
20220817_HG001,20220817_HG001.C34,Human,HG001,HG001,27,9,,262731,91753,1913.0,2210.698658354495,1144.31584888765,0.016373,0.3992698307334882,0.4107536362922552,0.0692312925269254,0.4096341649724419,0.173951372955134,0.0611530375391571
20220817_HG001,20220817_HG001.C35,Human,HG001,HG001,27,11,,318884,131591,1672.0,1886.243580488027,857.2166198235898,0.010152,0.3955067920585162,0.4065632892831765,0.0685232950475011,0.2459324305884431,0.1906203783915771,0.0766657347181745
20220817_HG001,20220817_HG001.C37,Human,HG001,HG001,27,13,,198781,94656,2217.0,2550.019185260311,1314.071005773502,0.004681,0.4020010537407798,0.4136962544248962,0.0684022319141606,0.3633095121842958,0.1560332047017261,0.075733319559613
20220817_HG001,20220817_HG001.C38,Human,HG001,HG001,27,14,,212554,104112,2081.0,2397.185934378362,1223.48188527205,0.004051,0.3988651882966258,0.409922214449511,0.0674502374332884,0.3384669692385275,0.1583726625936722,0.0783076364576616
20220817_HG001,20220817_HG001.C39,Human,HG001,HG001,27,15,,284612,116922,1784.0,2066.262893210859,1037.460347445508,0.026579,0.3972502856827447,0.4085535519313402,0.0686344015986333,0.2911690632870257,0.1826878688518482,0.0748467965506698
20220817_HG001,20220817_HG001.C40,Human,HG001,HG001,28,6,,237839,100770,2087.0,2370.431745559194,1161.847792695474,0.003956,0.3976513350582487,0.4086607610101704,0.0667883602947111,0.3250807207582543,0.1772435294731645,0.0746201980619334
20220817_HG001,20220817_HG001.C42,Human,HG001,HG001,28,12,,329091,150364,1799.0,2020.199336277301,920.0206891563856,0.016397,0.3958493466564181,0.4065789572239511,0.0673969180253809,0.2231857886779775,0.2105127236868294,0.0938570605737578
20220817_HG001,20220817_HG001.C43,Human,HG001,HG001,28,13,,331303,140805,1734.0,1952.998054046376,894.2899690327088,0.004867,0.3998287671232877,0.4106388466287558,0.0683606566866557,0.2916957791228754,0.2093990870589877,0.0865977558950314
20220817_HG001,20220817_HG001.C44,Human,HG001,HG001,28,14,,281199,130088,1768.0,2004.928133263637,935.0551065230212,0.0055439999999999,0.3951919836182066,0.4064017800714772,0.0676575127710406,0.2764374405386286,0.1791097632678053,0.0808745582291903
20220817_HG001,20220817_HG001.C49,Human,HG001,HG001,30,12,,260143,129900,1905.0,2146.198529638183,996.4423494253946,0.005393,0.3951597158368077,0.4057299166085123,0.0664031086325612,0.2856793345294405,0.1786195370925442,0.0861370803128221
20220817_HG001,20220817_HG001.C50,Human,HG001,HG001,30,13,,253500,111833,1993.0,2290.651328319906,1152.848980942402,0.008085,0.4025814382298709,0.4134756872301681,0.0681604447498174,0.3876254401616208,0.1823221615671896,0.0794035739644384
20220817_HG001,20220817_HG001.C52,Human,HG001,HG001,30,15,,212409,116854,1844.0,2080.825371831516,964.3453561587804,0.004984,0.3956619866593089,0.4069271095194976,0.0674525819572559,0.2780966370172909,0.1401352628570887,0.0760456842638151
20220817_HG001,20220817_HG001.C53,Human,HG001,HG001,30,18,,165578,104642,1757.0,1981.185097761893,893.8786166832273,0.009858,0.3965517241379311,0.4075829123613115,0.0681182775024846,0.2558228639416,0.1064867439746698,0.065453617871163
20220817_HG001,20220817_HG001.C55,Human,HG001,HG001,7,9,,283508,139624,1766.0,2018.095105426001,967.5625320707356,0.00264,0.3969792948777404,0.407751583947401,0.0679166833001719,0.2414783927217589,0.1799659075102222,0.0874296069329176
20220817_HG001,20220817_HG001.C56,Human,HG001,HG001,7,11,,288988,155830,1832.0,2034.770904190464,870.6533990574999,0.00344,0.3971336107258437,0.4082497442394145,0.0676902884499649,0.2168370635206003,0.1915411333823983,0.0983990633866523
20220817_HG001,20220817_HG001.C57,Human,HG001,HG001,7,12,,333226,85594,1724.0,1957.341145407389,945.1287848572896,0.006675,0.3959837289425467,0.4069045543923173,0.0684954246139729,0.2887301391797019,0.2039832565347769,0.0509745455362579
20220817_HG001,20220817_HG001.C58,Human,HG001,HG001,7,13,,279360,133294,1823.0,2095.751076567587,1035.209604878927,0.002658,0.3981780914564065,0.4089952188709495,0.0678607188704527,0.28435782899158,0.1835555334359924,0.0873581419272723
20220817_HG001,20220817_HG001.C59,Human,HG001,HG001,7,15,,246711,117461,1952.0,2230.856641778973,1095.110515521191,0.0032,0.3991323210412148,0.4104432988645836,0.0683929396338935,0.3155922914514173,0.1715708709110033,0.0818553831012545
20220817_HG001,20220817_HG001.C60,Human,HG001,HG001,7,18,,286951,142695,1662.0,1865.561981849399,820.9787057377905,0.004139,0.3974121996303142,0.4082999582801744,0.0686072947321945,0.2369710335844644,0.1707366139613473,0.0829726555532585
20220817_HG001,20220817_HG001.C61,Human,HG001,HG001,8,6,,167821,82719,2100.0,2356.503318463715,1105.788933739928,0.009445,0.3965451055662188,0.4078180947220401,0.0667776628827434,0.2940245350217649,0.1314892037820632,0.0607862464289853
20220817_HG001,20220817_HG001.C62,Human,HG001,HG001,8,9,,213055,87232,2202.0,2526.352107024945,1292.400632532386,0.008215,0.3993937880210262,0.4110300263003426,0.0680168443569331,0.3394739708783694,0.1653066088359448,0.0682366077022202
20220817_HG001,20220817_HG001.C66,Human,HG001,HG001,8,15,,306352,133287,1774.0,2004.375835602872,926.74060593515,0.002653,0.3967058823529412,0.4081095467073025,0.068779720778784,0.2301391782384487,0.19378922958358,0.0827881206944279
20220915_P1,20220915_P1.C01,Human,HG001,HG001,19,9,,339466,102784,1927.0,2208.62998132005,1049.079707244116,0.0067,0.3961352657004831,0.4074462111576154,0.0680111915964793,0.259030286901606,0.2378413572192885,0.0710745554172266
20220915_P1,20220915_P1.C02,Human,HG001,HG001,19,11,,299085,101891,2194.0,2469.904908186199,1120.473573626119,0.003213,0.3940996381853604,0.4052614036329666,0.0655286518085842,0.2885717251401287,0.2563962573095292,0.0781528062787578
20220915_P1,20220915_P1.C04,Human,HG001,HG001,19,13,,354778,129068,2107.0,2429.083041497505,1200.438400803268,0.007044,0.3940693801657328,0.4054262762111157,0.0663414715143618,0.3187319071989648,0.2674919596094739,0.0964354112088014
20220915_P1,20220915_P1.C05,Human,HG001,HG001,19,14,,404090,120579,1864.0,2133.238582174343,997.910329889932,0.006311,0.3944055944055944,0.4056034784887505,0.0678240110011755,0.2600464118393975,0.2745457245709242,0.0799728707065359
20220915_P1,20220915_P1.C06,Human,HG001,HG001,19,15,,292171,118590,2141.0,2454.911518677798,1191.005197019933,0.004956,0.3962801113253467,0.4077586317054553,0.0671779708659346,0.2516625177809388,0.2257356672801093,0.0911070025513537
20220915_P1,20220915_P1.C07,Human,HG001,HG001,19,16,,275552,80733,2421.0,2763.422540968377,1371.176461137775,0.009396,0.4008971124194001,0.4126322835834784,0.068763016855816,0.4514611806704624,0.2356289782165896,0.0697824851447156
20220915_P1,20220915_P1.C08,Human,HG001,HG001,19,18,,386006,98900,1831.0,2116.805985844287,1014.048426564611,0.009331,0.3947873379691561,0.4061155431546189,0.0677372729013328,0.3002979909641449,0.2583652844410564,0.0650115321921558
20220915_P1,20220915_P1.C10,Human,HG001,HG001,20,11,,341405,118567,1931.0,2265.878338829522,1147.296198792488,0.023943,0.3952042628774423,0.4067892824238289,0.066978724374113,0.2892268220327658,0.2439734513643155,0.0835241898699767
20220915_P1,20220915_P1.C12,Human,HG001,HG001,20,13,,395675,123914,1834.0,2105.963458527689,987.8320160201972,0.021514,0.3949740740469172,0.4060083483463521,0.0669331296163476,0.2678175806946385,0.2656978763853329,0.0811921598001853
20220915_P1,20220915_P1.C13,Human,HG001,HG001,20,14,,431539,124515,1807.0,2080.899698831466,986.1192768667272,0.02231,0.3944119558154646,0.4055448066365789,0.0675239378989276,0.2629636229412214,0.2853996040423661,0.0802125443187852
20220915_P1,20220915_P1.C15,Human,HG001,HG001,20,16,,363088,121478,1931.0,2238.276478045407,1097.715369949517,0.009495,0.3941836681648779,0.4052794934960436,0.0671257425659144,0.2774936838541079,0.2583214256816661,0.0846788918673831
20220915_P1,20220915_P1.C16,Human,HG001,HG001,20,18,,375003,119537,1794.0,2077.936546843237,991.734915867471,0.008793,0.3947972456006121,0.405652284994899,0.0676254660284093,0.2660975717634571,0.2475720651114146,0.0773377023624407
20220915_P1,20220915_P1.C17,Human,HG001,HG001,21,9,,323747,149746,1819.0,2136.572315788068,1058.58628830328,0.033895,0.3948051948051948,0.4059942306927002,0.0673686129881661,0.2536142497656289,0.2210893347833157,0.0997815649156376
20220915_P1,20220915_P1.C18,Human,HG001,HG001,21,11,,238075,104056,2124.0,2482.265789574844,1255.803334390276,0.029071,0.397293104533945,0.4091585502609807,0.0679314174733416,0.4368876080691643,0.1942796915848033,0.0796108889851224
20220915_P1,20220915_P1.C20,Human,HG001,HG001,21,13,,348367,147430,1764.0,2083.413592891542,1046.314930631306,0.047059,0.3948299483447152,0.4057862457489204,0.0672688036374879,0.2593276769412523,0.2327269783615788,0.0956493813640492
20220915_P1,20220915_P1.C22,Human,HG001,HG001,21,15,,336433,141021,1792.0,2103.993937073202,1048.637562989624,0.041714,0.3967758710348414,0.4081162231612023,0.068538487137917,0.3144439614467945,0.2254323328319963,0.092377102400713
20220915_P1,20220915_P1.C28,Human,HG001,HG001,22,13,,320732,110919,2095.0,2462.163073954868,1252.760492849588,0.029622,0.3962126729788784,0.4073547683629075,0.0670311591372172,0.3377718555180126,0.2662197686307868,0.0848377891745686
20220915_P1,20220915_P1.C30,Human,HG001,HG001,22,15,,328501,102997,2063.0,2345.861821218094,1038.599308558391,0.011476,0.3922886452069331,0.4032870368034025,0.0653985729817008,0.291893115942029,0.2703941048557121,0.0748161155234338
20220915_P1,20220915_P1.C33,Human,HG001,HG001,23,9,,242676,80711,2328.0,2683.059855533942,1347.05416016088,0.006115,0.3969335604770017,0.408628627266897,0.0671335568989469,0.3989578137715591,0.2025806158860183,0.0675139124326348
20220915_P1,20220915_P1.C34,Human,HG001,HG001,23,11,,372233,139613,1813.0,2087.254474869819,979.7230333764908,0.026376,0.3939861218195837,0.405093516593562,0.0674134163785807,0.2497063036706357,0.2501626995660422,0.0905368171140745
20220915_P1,20220915_P1.C36,Human,HG001,HG001,23,13,,391760,120013,1892.0,2167.819302908852,1024.156922006223,0.007382,0.3941730934018852,0.4052469681970075,0.0662156501337912,0.2690459606958024,0.2706103920455594,0.0805050196422122
20220915_P1,20220915_P1.C37,Human,HG001,HG001,23,14,,358119,117521,2000.0,2343.687800478212,1190.762594430757,0.011887,0.3946360153256705,0.405958617041628,0.0668756346870254,0.3019480810818087,0.2646174070442805,0.0859282254668663
20220915_P1,20220915_P1.C38,Human,HG001,HG001,23,15,,241617,96730,2235.0,2613.574744133154,1347.799405860501,0.011021,0.3965430697303397,0.407621252106429,0.0663243668821466,0.4701308969515945,0.1969011420231171,0.0786146665559921
20220915_P1,20220915_P1.C39,Human,HG001,HG001,23,16,,229741,94003,2260.0,2584.857972617895,1233.641555506135,0.008265,0.39453125,0.4059606928090027,0.0654291159378816,0.3143596232880547,0.2061507385177656,0.0763385661957225
20220915_P1,20220915_P1.C41,Human,HG001,HG001,26,9,,244340,103471,1941.0,2264.032878777628,1118.992621174928,0.00739,0.3947972456006121,0.4062479022932755,0.067045240623357,0.3252620940986719,0.1812046720718223,0.0736349850182792
20220915_P1,20220915_P1.C42,Human,HG001,HG001,26,11,,313794,135476,2112.0,2440.149738699105,1209.546019877128,0.014184,0.3943089430894309,0.4054745981338451,0.066036797668614,0.2696411175622492,0.2431042194766532,0.1029030296979439
20220915_P1,20220915_P1.C43,Human,HG001,HG001,26,12,,280928,118782,2117.0,2417.589441161119,1140.511243792625,0.0058579999999999,0.3946767559083009,0.4055687000503361,0.0653977424915129,0.2715301858273317,0.2325858914797472,0.0895345856446471
20220915_P1,20220915_P1.C45,Human,HG001,HG001,26,14,,325350,124300,2004.0,2346.167554304103,1186.62683483207,0.0086489999999999,0.3952138264878062,0.4063928275023189,0.0665052366830679,0.3212473977142372,0.241687371531068,0.0910323698952114
20220915_P1,20220915_P1.C46,Human,HG001,HG001,26,15,,165514,87758,2353.0,2702.49187538458,1340.336918341706,0.013554,0.3969767236544174,0.4084113016887034,0.066785924953708,0.4624435150466301,0.1422470544347768,0.0751296457922362
20220915_P1,20220915_P1.C47,Human,HG001,HG001,26,16,,235891,105404,2036.0,2320.748519980266,1085.472208488948,0.004993,0.3945164162511785,0.4055919623152294,0.0659549824759111,0.2779050114510306,0.1866616291829566,0.0768973178999242
20220915_P1,20220915_P1.C50,Human,HG001,HG001,27,11,,253313,99923,2055.0,2370.753260010208,1163.723245774818,0.009283,0.395666509656147,0.4068389923423046,0.0657107160764851,0.3037801634149702,0.1942999260088739,0.0741542744825023
20220915_P1,20220915_P1.C51,Human,HG001,HG001,27,12,,199475,90676,2195.0,2480.047256164807,1139.163231633604,0.0422,0.3954436875964807,0.406848638647703,0.0664895102288442,0.343980343980344,0.1717949278358678,0.0701602132925757
20220915_P1,20220915_P1.C52,Human,HG001,HG001,27,13,,378635,116302,1889.0,2170.083609912125,1029.592111370619,0.007142,0.3945044419220473,0.4054948862533321,0.0672606265247909,0.2688357563815007,0.2737776679340485,0.0785231166914144
20220915_P1,20220915_P1.C53,Human,HG001,HG001,27,14,,307877,82277,1974.0,2317.988392867995,1181.827127691329,0.0053479999999999,0.3941947565543072,0.4056383874841926,0.067372651713624,0.3589195316424716,0.2302948766925905,0.0592851307019238
20220915_P1,20220915_P1.C54,Human,HG001,HG001,27,15,,368688,103452,1819.0,2093.089848432123,984.004668810329,0.014985,0.3934617629889083,0.4048449746896783,0.0676811822058243,0.3006097996956109,0.2445115237751168,0.0674131385729402
20220915_P1,20220915_P1.C57,Human,HG001,HG001,28,9,,278504,102487,1962.0,2302.779406168587,1172.179083463735,0.009186,0.3943217665615142,0.4052879018332613,0.066582785773511,0.3008003123170018,0.2028587573039901,0.0741849614227786
20220915_P1,20220915_P1.C58,Human,HG001,HG001,28,11,,394467,114603,1910.0,2182.384222053524,1022.732388019378,0.006846,0.3941501329515239,0.4052741049017294,0.0666714076020943,0.2851879893632738,0.2732496379527134,0.0775386904299524
20220915_P1,20220915_P1.C59,Human,HG001,HG001,28,12,,387879,113081,1884.0,2174.722720881492,1045.808013618517,0.014608,0.3938036580813736,0.4052536145137332,0.0677832941745913,0.31713326700821,0.2680053196855317,0.0765942731907882
20220915_P1,20220915_P1.C60,Human,HG001,HG001,28,13,,364743,114564,1928.0,2217.011521944066,1063.961713404077,0.011957,0.3947138345754384,0.4055257567280341,0.0669404519782191,0.2679242502394812,0.2562607589464782,0.0792312964904232
20220915_P1,20220915_P1.C62,Human,HG001,HG001,28,15,,344215,108447,1908.0,2208.035049378959,1073.306623711305,0.025227,0.3953989935298347,0.4064006226664346,0.0670186651477307,0.3190816058266229,0.2397417200393399,0.074812610481811
20220915_P1,20220915_P1.C63,Human,HG001,HG001,28,18,,321698,96331,1841.0,2083.053347312911,937.0881815096884,0.024472,0.3933933933933934,0.4044567398246647,0.0671234741367046,0.2900885323761477,0.2159054902232501,0.0626975205476082
20220915_P1,20220915_P1.C64,Human,HG001,HG001,29,9,,251968,103166,2122.0,2485.460994901421,1277.286147565975,0.017771,0.3951835042063314,0.4061312451292304,0.0659930309598791,0.3771010117493472,0.1984246222600783,0.0806196171467626
20220915_P1,20220915_P1.C65,Human,HG001,HG001,29,11,,344530,101800,1844.0,2137.758644400786,1037.769816151565,0.006975,0.3943375074112322,0.4059801168212369,0.067846292138827,0.2960227861211807,0.2409245712392357,0.0678230277472528
20220915_P1,20220915_P1.C66,Human,HG001,HG001,29,12,,253054,100069,2118.0,2415.704004237076,1137.288706626652,0.003826,0.3931339977851606,0.4039326330711481,0.0655101408920808,0.3635422389384271,0.2117545515511557,0.0755625972152094
20220915_P1,20220915_P1.C68,Human,HG001,HG001,29,14,,265648,85722,2109.5,2462.105713819089,1258.345452518997,0.007144,0.3942246285156461,0.4050198299535781,0.0659000237380562,0.368329259755094,0.2074718251227416,0.0663257189746976
20220915_P1,20220915_P1.C70,Human,HG001,HG001,29,16,,236370,89187,2087.0,2399.387074349401,1154.637372074526,0.01103,0.3942693409742121,0.4053164709660469,0.0662493596290619,0.3321683706713739,0.196130653039703,0.06679946202825
20220915_P1,20220915_P1.C72,Human,HG001,HG001,30,11,,230645,85098,2490.0,2878.096253730992,1471.017678773607,0.030572,0.3991752542257593,0.4107894060418963,0.0674686836571924,0.5099518878128224,0.2168050518339865,0.0760999016264172
20220915_P1,20220915_P1.C74,Human,HG001,HG001,30,13,,336984,138980,1893.0,2218.393711325371,1106.75863605965,0.027416,0.3950940857138061,0.4062117730832161,0.0667111207162289,0.2606948622124996,0.2425862507073831,0.0961844996894579
20220915_P1,20220915_P1.C75,Human,HG001,HG001,30,14,,290624,132667,1975.0,2304.847249127515,1147.13206176622,0.031029,0.3942247332077841,0.4049428841930377,0.0661720547713366,0.2929092746909895,0.2216937640285535,0.0949947674497265
20220915_P1,20220915_P1.C76,Human,HG001,HG001,30,15,,245329,109324,2387.0,2736.035774395375,1362.457625560735,0.019223,0.3997224149895905,0.4109251129083348,0.0667813793740946,0.4372488773339636,0.2165063890355743,0.0956026140844596
20220915_P1,20220915_P1.C78,Human,HG001,HG001,30,18,,300805,138273,1910.0,2258.328943466909,1152.25566636468,0.032762,0.3947100712105799,0.4055981650422391,0.0666855854750653,0.3038244112329206,0.2212211187135504,0.0975683772177147
20220915_P1,20220915_P1.C87,Human,HG001,HG001,8,9,,352834,88893,1784.0,2068.514787441081,995.5733550164788,0.009119,0.3944543828264758,0.4058016934712225,0.0682134526035494,0.3975603450302019,0.2385426685001943,0.0576901743288885
20220915_P1,20220915_P1.C88,Human,HG001,HG001,8,11,,371728,140636,1893.0,2187.052717654086,1051.37320351339,0.0086819999999999,0.395378934366222,0.4063401300453705,0.0672779828652851,0.2527013734015153,0.2703048422942713,0.0955566690653042
20220915_P1,20220915_P1.C89,Human,HG001,HG001,8,12,,305837,124654,2019.0,2355.528414651756,1181.737377627789,0.024964,0.3965832824893227,0.4074537063326675,0.066996475715499,0.3235528299649325,0.2312672921778022,0.0917678588971543
20220915_P1,20220915_P1.C90,Human,HG001,HG001,8,13,,396064,146232,1812.0,2100.07481946496,1005.535901221826,0.013838,0.3955252253773278,0.4062711989343246,0.0673824800017788,0.2451981311645613,0.2698412421918711,0.0955223532573837
20220915_P1,20220915_P1.C91,Human,HG001,HG001,8,14,,385964,134366,1824.0,2107.483009094562,1007.415753773218,0.016357,0.3953328618576143,0.4063918838880954,0.0676450418267603,0.2637184569882323,0.2612320794451392,0.0880508166910111
20220915_P1,20220915_P1.C93,Human,HG001,HG001,8,16,,300852,108063,2031.0,2392.668101015149,1233.543954383606,0.01772,0.3959000640614989,0.4065227947046596,0.066377336706294,0.3295109579114358,0.228132222533133,0.0804052600428501
20220915_P1,20220915_P1.C94,Human,HG001,HG001,8,18,,280464,105737,1942.0,2272.925106632494,1143.351787651466,0.0069549999999999,0.3959449120122418,0.4065423651298332,0.0662690794427059,0.3347927990824315,0.2026805034853126,0.0754267141567099
20220916_P1,20220916_P1.C04,Human,HG001,HG001,19,13,,235478,85066,2603.0,2907.09186984224,1380.697188571928,0.032328,0.4016638509563277,0.4131012778969531,0.0674268719481917,0.4655125844076121,0.2191474940721788,0.0779569361215802
20220916_P1,20220916_P1.C07,Human,HG001,HG001,19,16,,318331,145972,2169.0,2462.306551941468,1150.717136333691,0.020839,0.3945028294260307,0.4052562051920457,0.0652169060815772,0.2914279107745446,0.2581975391385549,0.111770349525401
20220916_P1,20220916_P1.C16,Human,HG001,HG001,20,18,,281992,120881,2201.0,2523.359353413688,1228.494901505705,0.03486,0.3959627329192547,0.4073444103146433,0.067049929366525,0.3199972143876876,0.2296819531909799,0.0954138632278609
20220916_P1,20220916_P1.C17,Human,HG001,HG001,21,9,,177888,95875,2266.0,2572.657314211212,1222.21516899121,0.012506,0.395001735508504,0.4059166624937756,0.0651440368184576,0.2919074826337286,0.1498056253898568,0.0779020262376055
20220916_P1,20220916_P1.C18,Human,HG001,HG001,21,11,,226074,101743,2644.0,2932.155666728915,1317.526962942303,0.013527,0.396936821952776,0.4084245915721715,0.0654229348975341,0.341968050852739,0.2216788064712545,0.0931516741645745
20220916_P1,20220916_P1.C19,Human,HG001,HG001,21,12,,380425,131316,2159.0,2473.049643607786,1199.770994384707,0.011135,0.3949870879249015,0.4061416036353574,0.0661065010910996,0.309052054352647,0.3002298935826442,0.0999610194293316
20220916_P1,20220916_P1.C20,Human,HG001,HG001,21,13,,438835,163210,2003.0,2307.073053121745,1111.677569086082,0.03735,0.3949458483754513,0.4055347389171731,0.0657318740134964,0.2707498163162712,0.3312313449968323,0.1163908611662989
20220916_P1,20220916_P1.C21,Human,HG001,HG001,21,14,,371103,124036,2158.0,2503.312707601019,1247.77490602217,0.03631,0.3953659476408963,0.4064844968118611,0.0664309479154046,0.3706514105616553,0.2969023103007595,0.0954626517237718
20220916_P1,20220916_P1.C24,Human,HG001,HG001,21,18,,241128,99845,2181.0,2485.325955230608,1195.706650285869,0.022743,0.3951675759937646,0.4060837300103753,0.0662096724503122,0.3587329575868258,0.1948424342434139,0.0782704194338857
20220916_P1,20220916_P1.C26,Human,HG001,HG001,22,11,,417063,118481,1936.0,2210.793190469358,1031.713307249559,0.015549,0.3938531587933978,0.4047746126001633,0.0660757966471836,0.3820389872283217,0.2952503038709696,0.0805377152770773
20220916_P1,20220916_P1.C27,Human,HG001,HG001,22,12,,295543,94638,2341.0,2645.038367252055,1269.056650000007,0.028135,0.3985242748362188,0.4102300064828143,0.0672138410762908,0.4011687134077399,0.2419563783451799,0.0777025553866819
20220916_P1,20220916_P1.C30,Human,HG001,HG001,22,15,,285901,121039,2439.0,2754.055031849239,1305.050038709751,0.044242,0.39814200398142,0.40921426530832,0.0659046736610378,0.3779594381613814,0.2624635212280072,0.1042218192606578
20220916_P1,20220916_P1.C31,Human,HG001,HG001,22,16,,277140,97454,2542.0,2851.069704681183,1367.780033723544,0.0352,0.3996971990915973,0.4109281477184142,0.0665145119336163,0.4544376295599769,0.250887544051881,0.0876556975958359
20220916_P1,20220916_P1.C33,Human,HG001,HG001,23,11,,314067,120180,2176.0,2505.825153935763,1234.918020665616,0.046635,0.3955656082291661,0.4065498094182685,0.0661544617352236,0.3444291028696562,0.2573932880860576,0.0936101295740462
20220916_P1,20220916_P1.C35,Human,HG001,HG001,23,13,,383965,129434,2065.0,2390.685708546441,1185.219447871427,0.037413,0.3966079904979726,0.4076231386289469,0.0665649423527291,0.3344670642940471,0.2903592375906923,0.0951240845986585
20220916_P1,20220916_P1.C39,Human,HG001,HG001,26,9,,186498,98105,2703.0,2975.993670047398,1350.04395914993,0.03193,0.3995859213250518,0.4106965378511751,0.0657013691371015,0.3147969570341798,0.1807867015104836,0.0922019852760272
20220916_P1,20220916_P1.C44,Human,HG001,HG001,26,15,,377489,168249,2315.0,2606.722286610916,1217.243092712115,0.019162,0.3955002960331557,0.4065197721262171,0.0657203900431357,0.28248580504765,0.3148774948718097,0.1360639846645618
20220916_P1,20220916_P1.C45,Human,HG001,HG001,26,16,,135394,89390,2725.0,2935.801912965656,1175.180958317084,0.017945,0.3934041678100996,0.4039209131379438,0.0626576293063958,0.3043015961154496,0.1322174465269726,0.0832117945570952
20220916_P1,20220916_P1.C60,Human,HG001,HG001,28,16,,353779,113872,1970.0,2265.697985457356,1072.025707048647,0.01943,0.3954067447858806,0.4063672629176276,0.0663945863441005,0.2955487122060471,0.2796894449783182,0.0797082969335555
20220916_P1,20220916_P1.C61,Human,HG001,HG001,28,18,,373690,97508,2159.0,2468.29466300201,1160.767609066737,0.025077,0.3957682689175297,0.4070138221930861,0.0665408044578719,0.4279558569110584,0.2902435809562677,0.0752592356366759
20220916_P1,20220916_P1.C62,Human,HG001,HG001,29,11,,472586,142027,2052.0,2370.05934082956,1164.53654326499,0.025791,0.3957446808510639,0.4068174972586136,0.0660686437695941,0.3202317476393315,0.3517625400408397,0.1035662996076842
20220916_P1,20220916_P1.C64,Human,HG001,HG001,29,13,,371889,133829,2100.0,2399.435555821235,1148.631958087013,0.019197,0.396866230121609,0.4079231748045334,0.0664237811433876,0.3630005958541098,0.2851377499201199,0.1002419584110398
20220916_P1,20220916_P1.C66,Human,HG001,HG001,29,15,,365388,121779,2075.0,2366.290312779708,1121.884425489646,0.039818,0.3951091703056769,0.4063392150599233,0.0661988940048537,0.3669657429555876,0.2780321474208945,0.0896899904319424
20220916_P1,20220916_P1.C67,Human,HG001,HG001,29,16,,192388,85656,2776.0,3047.116033903054,1336.85616741943,0.012088,0.3977097150591862,0.408969688460759,0.0651641837155586,0.4114478864868881,0.194236720477117,0.0815086719804526
20220916_P1,20220916_P1.C68,Human,HG001,HG001,29,18,,304937,115723,2326.0,2605.333503279383,1159.136475116563,0.009162,0.3940800928612885,0.4048965227884178,0.064821396697617,0.294337913053126,0.2746498347766788,0.0926292208759394
20220916_P1,20220916_P1.C78,Human,HG001,HG001,7,11,,247893,107772,2361.0,2657.387596036076,1208.266547912683,0.045403,0.3951564363377459,0.4062401241155453,0.0651395079122215,0.3255914231394916,0.2234631898744435,0.0892268070249738
20220916_P1,20220916_P1.C84,Human,HG001,HG001,7,18,,305646,128590,2177.0,2509.382549187339,1236.46142405413,0.024475,0.3958636531657601,0.4070815174054698,0.0666408596671026,0.3899213194627337,0.2473922373805268,0.1003116258524193
20220916_P2,20220916_P2.C05,Human,HG001,HG001,19,14,,446243,180625,1871.0,2136.692251903114,968.8426678897016,0.037529,0.3945257196790939,0.4056671545304507,0.0669885702483573,0.2138895544892961,0.3031211257911814,0.1190382284604578
20220916_P2,20220916_P2.C07,Human,HG001,HG001,19,18,,332161,154335,2058.0,2328.568523018109,1055.088130339266,0.018608,0.3952263952263952,0.4062568422328505,0.0663311013761884,0.2306653227188886,0.2463557603640114,0.1115168393987376
20220916_P2,20220916_P2.C08,Human,HG001,HG001,20,9,,331747,117686,1912.0,2169.863824074232,975.692731248294,0.014084,0.395401780624566,0.4067546533528053,0.067500610918838,0.2893054925909135,0.2317473694888708,0.0803529772879195
20220916_P2,20220916_P2.C09,Human,HG001,HG001,20,11,,365610,122978,2061.0,2385.799386882206,1164.610237266599,0.023988,0.3961532443105185,0.4072989980933082,0.0667332989042139,0.2673735122249283,0.2726103221172486,0.0906114723789005
20220916_P2,20220916_P2.C11,Human,HG001,HG001,20,13,,369688,137340,1928.0,2200.797240425222,1006.245334265017,0.024124,0.3948468240247101,0.405867229848951,0.0668884506031033,0.2410849859660424,0.2563791282751189,0.0939906890247552
20220916_P2,20220916_P2.C15,Human,HG001,HG001,21,9,,322186,109698,2316.0,2631.356214333899,1252.790233569944,0.016336,0.4029524330235101,0.4139367695610603,0.067120736917419,0.3697253529253376,0.2613902431874956,0.0898492428693747
20220916_P2,20220916_P2.C21,Human,HG001,HG001,21,18,,393954,146001,2014.0,2293.322771761837,1062.170316924167,0.0088799999999999,0.3938384679433805,0.4047527962876969,0.0656412028225705,0.3070865570774931,0.2842610877755216,0.1035828369902338
20220916_P2,20220916_P2.C28,Human,HG001,HG001,23,9,,366827,171180,1925.0,2225.205415352261,1055.139321019909,0.047278,0.3948382596172238,0.4059279323187972,0.0669560098070544,0.2326744595320576,0.2573352011602866,0.1180789479248144
20220916_P2,20220916_P2.C29,Human,HG001,HG001,23,11,,431129,160824,1956.0,2258.939150873004,1078.291908650422,0.027486,0.3954802259887006,0.406141635576461,0.0662047362068751,0.2462448465113836,0.3042379825912315,0.1120966891787266
20220916_P2,20220916_P2.C30,Human,HG001,HG001,23,12,,470141,205681,1962.0,2253.245725176365,1054.200898987126,0.029906,0.3948988566402815,0.4059437899757364,0.0664253401049863,0.2221513452338084,0.3370547645226603,0.1421304698008435
20220916_P2,20220916_P2.C31,Human,HG001,HG001,23,13,,413132,162793,2019.0,2329.202993986228,1110.278075970599,0.008492,0.3953786906290115,0.4063767398427868,0.0659481135111459,0.2669954437195817,0.3007210992356477,0.1175921815738085
20220916_P2,20220916_P2.C32,Human,HG001,HG001,23,14,,405174,149201,2001.0,2317.908720450935,1117.641358164722,0.036063,0.3949297495418448,0.4059815682884241,0.0661413946399767,0.2473185985963323,0.2965975379403643,0.1070392466387014
20220916_P2,20220916_P2.C35,Human,HG001,HG001,23,18,,393899,181866,2139.0,2384.229053258993,1025.776364112604,0.010727,0.3936049716673932,0.4044899290714737,0.0650945450754636,0.2184254294653345,0.314080417728558,0.133691632876986
20220916_P2,20220916_P2.C36,Human,HG001,HG001,26,9,,252457,132822,2064.0,2356.447252714159,1096.205338530486,0.048576,0.395755202108363,0.4068669571353088,0.0658423414971935,0.2580145232027736,0.1899172045029617,0.0974631299690838
20220916_P2,20220916_P2.C43,Human,HG001,HG001,26,18,,259800,100972,2287.0,2593.470902824545,1197.135590767666,0.01085,0.395624937464926,0.4061176324185087,0.064773520028508,0.3859953458853395,0.2269087459634395,0.080586336468729
20220916_P2,20220916_P2.C46,Human,HG001,HG001,27,12,,219736,91403,2360.0,2669.937496581075,1225.309220686936,0.046483,0.3958537381651975,0.407694849368986,0.0665071262595411,0.3609394313967861,0.2055465826636874,0.076535728873955
20220916_P2,20220916_P2.C49,Human,HG001,HG001,27,16,,186299,85683,2610.0,2877.577489116861,1211.382207590847,0.035711,0.3955542021924482,0.4064227474597832,0.0643086344601533,0.3048584239297341,0.1875787514800488,0.0775517641621617
20220916_P2,20220916_P2.C66,Human,HG001,HG001,30,12,,450541,137874,2099.0,2357.589023311139,1006.502944984745,0.019442,0.395470774064256,0.4062376381001395,0.0656617443671377,0.2365054837372329,0.3383118135963199,0.1018096887115318
20220916_P2,20220916_P2.C71,Human,HG001,HG001,30,18,,415664,156391,1899.0,2170.14753406526,996.9314571435924,0.037784,0.3949595636637201,0.40626193225814,0.0672964185689896,0.2721762340777781,0.2862991771313574,0.1050192348385129
20220916_P2,20220916_P2.C72,Human,HG001,HG001,7,9,,318619,136331,2090.0,2384.576743367246,1112.58561332367,0.032929,0.3950863213811421,0.4063950387100072,0.0664584136248521,0.2469708348495289,0.2497585293452237,0.1013908944984552
20220916_P2,20220916_P2.C74,Human,HG001,HG001,7,12,,360509,123845,2007.0,2328.126965158061,1131.390617397014,0.044558,0.3952742123687281,0.4065950216065977,0.0667665824639377,0.3014394652687652,0.2613770212814517,0.089999951659156
20220916_P2,20220916_P2.C76,Human,HG001,HG001,7,14,,371021,135556,2060.0,2376.945240343474,1150.796831595067,0.036497,0.395955642530985,0.4074025624661518,0.0670255117585181,0.3072076081609707,0.2779365119932622,0.099473604730843
20220916_P2,20220916_P2.C77,Human,HG001,HG001,7,16,,362577,117352,1966.0,2244.296424432477,1036.485146376563,0.015709,0.3929591912568993,0.4040607109960265,0.0659822030982045,0.2732066952396071,0.2669788593593656,0.0835186983946229
20220916_P2,20220916_P2.C79,Human,HG001,HG001,8,9,,288006,103868,2347.0,2680.63639426965,1303.788047408105,0.01743,0.396091075282369,0.4074954210871225,0.0656678253341249,0.414480491813257,0.2446888854203535,0.0867208212211861
20220916_P2,20220916_P2.C82,Human,HG001,HG001,8,13,,331014,140687,2238.0,2580.459495191453,1267.646778503421,0.04468,0.3990188062142273,0.4101873328982293,0.0668794616034383,0.3110010427528676,0.268908274685776,0.11289319484402
